molecule_chembl_id,SMILES,bioactivity_class
CHEMBL3806115,Nc1cccc(-c2cccc(-c3c(-c4ccc(O)cc4)n[nH]c3N)c2)c1,active
CHEMBL3804971,COc1ccc(-c2n[nH]c(N)c2-c2cccc(-c3cccc(N)c3)c2)cc1,active
CHEMBL104,Clc1ccccc1C(c1ccccc1)(c1ccccc1)n1ccnc1,active
CHEMBL808,Clc1ccc(COC(Cn2ccnc2)c2ccc(Cl)cc2Cl)cc1,active
CHEMBL91,Clc1ccc(COC(Cn2ccnc2)c2ccc(Cl)cc2Cl)c(Cl)c1,active
CHEMBL3805159,Nc1cccc(-c2cc(-c3c(-c4ccc(O)cc4)n[nH]c3N)ccc2O)c1,active
CHEMBL3806115,Nc1cccc(-c2cccc(-c3c(-c4ccc(O)cc4)n[nH]c3N)c2)c1,active
CHEMBL3805159,Nc1cccc(-c2cc(-c3c(-c4ccc(O)cc4)n[nH]c3N)ccc2O)c1,active
CHEMBL106,OC(Cn1cncn1)(Cn1cncn1)c1ccc(F)cc1F,active
CHEMBL3805279,Oc1ccc(CNc2[nH]nc(-c3ccc(O)cc3)c2-c2ccc(O)cc2)cc1,active
CHEMBL3805931,Oc1ccc(Nc2cc(-c3ccc(O)cc3)n[nH]2)cc1,inactive
CHEMBL3806191,Nc1cccc(-c2cccc(-c3cn[nH]c3N)c2)c1,inactive
CHEMBL1969042,Oc1ccc(Nc2[nH]nc(-c3ccc(O)cc3)c2-c2ccc(O)cc2)cc1,inactive
CHEMBL3805546,Oc1ccc(-c2n[nH]c(NCc3ccsc3)c2-c2ccc(O)cc2)cc1,inactive
CHEMBL3805497,Oc1ccc(-c2n[nH]c(NCc3ccc(O)c(Br)c3)c2-c2ccc(O)cc2)cc1,inactive
CHEMBL3805451,Oc1ccc(-c2n[nH]c(NCc3ccco3)c2-c2ccc(O)cc2)cc1,inactive
CHEMBL3804895,Nc1cccc(-c2cc(-c3cn[nH]c3N)ccc2OCc2ccccc2)c1,inactive
CHEMBL3818493,Nc1ccc2nccc(-n3cncn3)c2c1,inactive
CHEMBL3805438,Nc1[nH]nc(-c2ccc(O)cc2)c1-c1ccc(O)cc1,inactive
CHEMBL3806269,Oc1ccc(-c2n[nH]c(NCc3cccc4[nH]ncc34)c2-c2ccc(O)cc2)cc1,inactive
CHEMBL3805371,Nc1[nH]nc(-c2cccc(O)c2)c1-c1ccc(O)cc1,inactive
CHEMBL3806011,Oc1ccc(-c2n[nH]c(NCc3ccc4[nH]ccc4c3)c2-c2ccc(O)cc2)cc1,inactive
CHEMBL3804839,COc1ccc(-c2cn[nH]c2N)cc1-c1cccc(N)c1,inactive
CHEMBL3805799,O=C(Nc1[nH]nc(-c2ccc(O)cc2)c1-c1ccc(O)cc1)c1ccc(O)cc1,inactive
CHEMBL3806191,Nc1cccc(-c2cccc(-c3cn[nH]c3N)c2)c1,inactive
CHEMBL3806290,O=C(Nc1[nH]nc(-c2ccc(O)cc2)c1-c1ccc(O)cc1)c1ccccc1,inactive
CHEMBL3805955,Nc1[nH]nc(-c2ccc(O)cc2O)c1-c1ccc(O)cc1,inactive
CHEMBL3806237,Nc1ccc(-c2cccc(-c3cn[nH]c3N)c2)cc1,inactive
CHEMBL3806042,Oc1ccc(-c2n[nH]c(NCc3ccncc3)c2-c2ccc(O)cc2)cc1,inactive
CHEMBL3805915,Nc1[nH]nc(-c2cccc(F)c2)c1-c1ccc(O)cc1,inactive
CHEMBL3805420,Oc1ccc(-c2n[nH]c(NCc3c[nH]cn3)c2-c2ccc(O)cc2)cc1,inactive
CHEMBL3819124,CCOC(=O)[C@H]1[C@@H]2C=C[C@@H](C2)[C@]12C(=O)N(C)c1ccccc12,inactive
CHEMBL1399676,Cc1ccc2cc(N)ccc2n1,inactive
CHEMBL3805239,O=C(Nc1[nH]nc(-c2ccc(O)cc2)c1-c1ccc(O)cc1)c1ccncc1,inactive
CHEMBL3804990,Nc1cc(-c2ccc(O)cc2)n[nH]1,inactive
CHEMBL3804838,Nc1cccc(Cn2cncn2)c1,inactive
CHEMBL3805962,Oc1ccc(-n2cncn2)cc1,inactive
CHEMBL3806058,Nc1[nH]ncc1-c1ccc(O)cc1,inactive
CHEMBL3804877,NC(=O)c1cc(Cl)ccc1N,inactive
decoys,c1ccc(cc1)CN2c3ccc(cc3/C(=N/NC(=[NH2+])N)/C2=O)Br,inactive
decoys,CC1(Cc2c(c([nH+]c(c2C#N)Nc3ccccc3OC)NN)CO1)C,inactive
decoys,Cc1ccc(cc1)[C@@H](c2cccs2)[NH2+]CC(=O)Nc3c(ccs3)C(=O)N,inactive
decoys,Cc1ccc(cc1NC(=O)N[C@H](C)c2ccccn2)NC(=O)N[C@@H](C)c3cccc[nH+]3,inactive
decoys,c1cc(ccc1Nc2[nH+]c(c(c(n2)N)[N+](=O)[O-])NC3CCCCC3)Cl,inactive
decoys,Cc1c\2c(oc1C(=O)N3CCc4ccccc4C3)CC(C/C2=N\NC(=[NH2+])N)(C)C,inactive
decoys,c1ccc(c(c1)Nc2c(c(nc[nH+]2)NC[C@H]3CCCO3)N)Br,inactive
decoys,CCN(CCO)c1c(c([nH+]cn1)Nc2nc3ccc(cc3s2)C)N,inactive
decoys,CC[C@@H]1CCCCN1c2c(c([nH+]cn2)NNC(=O)c3ccc(cc3)Br)N,inactive
decoys,CC1(CC(CC([NH2+]1)(C)C)Nc2c(c(ncn2)Sc3cccc4c3nccc4)N)C,inactive
decoys,CC(=O)c1ccc(cc1)Nc2c(c(nc[nH+]2)Nc3nc4ccccc4s3)N,inactive
decoys,C[C@H](COC)Nc1c(c([nH+]cn1)NC23CC4CC(C2)CC(C4)C3)N,inactive
decoys,c1cc(ccc1Nc2c(c([nH+]cn2)Nc3ccc4c(c3)OCCO4)N)Br,inactive
decoys,c1ccc(cc1)C(c2ccccc2)Nc3c(c([nH+]cn3)Nc4ccccn4)N,inactive
decoys,c1ccnc(c1)Nc2c(c(ncn2)Nc3cccc4c3ccc[nH+]4)N,inactive
decoys,Cc1c(sc(n1)Nc2c(c(nc[nH+]2)Nc3ccc(cn3)Cl)N)C,inactive
decoys,CC(=O)c1ccc(cc1)Nc2c(c(nc[nH+]2)Nc3nccs3)N,inactive
decoys,Cc1ccc([nH+]c1)Nc2c(c(ncn2)Nc3ccc(cc3)I)N,inactive
decoys,c1ccc(cc1)Nc2c(c([nH+]cn2)Nc3ccc(cc3)Br)N,inactive
decoys,c1cc(c(cc1Br)F)Nc2c(c(nc[nH+]2)NC3CCCC3)N,inactive
decoys,CC[C@@H]([C@H](c1ccc(s1)Br)[NH+]2CCCC[C@@H]2C(=O)N)N,inactive
decoys,CC[C@H]([C@H](c1ccc(s1)Br)N2CCCC[C@@H]2C(=O)N)[NH3+],inactive
decoys,CC[C@@H]([C@H](c1ccc(s1)Br)N(CC(=O)N)C2CCCC2)[NH3+],inactive
decoys,CC[C@@H]([C@@H](c1cc(cs1)Br)N2CCCC[C@@H]2C(=O)N)[NH3+],inactive
decoys,CC[C@@H]([C@H](c1cc(cs1)Br)N2CCCC[C@@H]2C(=O)N)[NH3+],inactive
decoys,CC1CC[NH+](CC1)[C@@H](CNC(=O)NNC(=O)Cc2c[nH]c3c2cccc3)C(C)C,inactive
decoys,Cc1cc[nH+]c(c1)Nc2nc(cs2)CC(=O)Nc3ccc(cc3)C(=O)N,inactive
decoys,CC(C)(C)c1cs/c(=N\S(=O)(=O)c2ccc[nH+]c2NN)/[nH]1,inactive
decoys,CCc1ccccc1NC(=O)[C@@H]2CC(=O)Nc3c2c([nH+]c(n3)N4CCCCC4)N,inactive
decoys,CCc1ccccc1NC(=O)[C@H]2CC(=O)Nc3c2c([nH+]c(n3)N4CCCCC4)N,inactive
decoys,Cc1ccc2c(n1)cccc2Nc3c(c(nc[nH+]3)NCCc4ccccc4)N,inactive
decoys,C[C@@H](c1ccc(cc1)NC(=O)NC2CC2)[NH2+][C@@H](C)C(=O)Nc3cccc(c3)C#N,inactive
decoys,CC[NH2+][C@H](C)CC(=O)Nc1cc2c(cc1Br)[nH]c(=O)[nH]2,inactive
decoys,CCC(C)(C)[C@H]1NN[C@@H](S1)NC(=O)NCCC2=c3ccccc3=[NH+]C2,inactive
decoys,CCNc1[nH+]c(cc(n1)NCCNC(=O)Nc2ccccc2C)C,inactive
decoys,c1cc2c(cccc2C(=O)N)c(c1)c3cc(cc4c3O[C@H](C4)C[NH3+])F,inactive
decoys,Cc1ccccc1NC(=O)NNC(=O)NC[C@H](C)[NH+]2CCC(CC2)C,inactive
decoys,CC(C)c1ccc2c(c1)cc(c(=O)[nH]2)CNc3ccc(cc3)[NH+]4CCC(CC4)C(=O)N,inactive
decoys,c1ccc(cc1)C[C@@H](C(=O)Nc2ccc(cc2)[NH+]3CCCCC3)NC(=O)N,inactive
decoys,C[C@@H](C(C)(C)C[NH+](C)C)NC(=O)NNC(=O)Nc1ccc(cc1)N(C)C,inactive
decoys,CC/[NH+]=C(/NC[C@@H](C)c1ccc(c(c1)F)F)\NC2CCN(CC2)C(=O)N,inactive
decoys,c1c(cc(cc1NCCCC/C(=[NH+]\O)/N)Br)C(F)(F)F,inactive
decoys,c1c(c2c(c(c1Cl)NCC3(CC3)C/C(=[NH+]/O)/N)nsn2)Cl,inactive
decoys,CCc1ccc(s1)CNC(=O)C[NH2+]C2(CCCCC2)C(=O)N,inactive
decoys,Cc1ccc(c(c1)Cl)NC(=O)NNC(=O)N[C@H]2CC[C@@H](C2)[NH+](C)C,inactive
decoys,Cc1cccc(c1NCC(=O)Nc2ccc(cc2C(=O)N)[NH+]3CCCCC3)C,inactive
decoys,Cc1cc(ccc1N[NH3+])C(=O)Nc2cc(c(cn2)Br)C,inactive
decoys,c1cc(c(cc1NCC2(CC2)C/C(=[NH+]/O)/N)Br)Cl,inactive
decoys,c1ccc(cc1)[NH+]2CCC(CC2)NC(=O)NNC(=O)c3c[nH]c4c3cccc4,inactive
decoys,c1ccc(c(c1)C[NH2+]Cc2ccc(cc2)NC(=O)N)OC3CCCC3,inactive
decoys,Cc1c(sc(c1C(=O)N)NC(=S)NC(=O)c2ccc(cc2)Cl)C,inactive
decoys,Cc1cc(cc(c1)C(=O)NC(=S)Nc2c(c3c(s2)CCCCC3)C(=O)N)C,inactive
decoys,c1ccc(cc1)C(=O)Nc2c(c3c(s2)CCCC3)/C=N/NC(=S)N,inactive
decoys,Cc1ccc(cc1)NC(=S)NNC(=O)c2c[nH]c3c2cccc3,inactive
decoys,Cc1ccc(c(c1)[C@@H](C)NC(=O)C[C@H](c2cccs2)NC(=O)N)C,inactive
decoys,C[C@H]1CCc2c(sc(c2C(=O)N)NC(=O)NC3CCCCC3)C1,inactive
decoys,C1CCC(CC1)NCC(=O)Nc2c(c3c(s2)CCCC3)C(=O)N,inactive
decoys,c1cc(c(cc1C(=O)N)N)Oc2ccc(cc2F)Br,inactive
decoys,CCCCNC(=O)Nc1c(cc(cc1Br)Br)N,inactive
decoys,CC[C@@H](c1ccc(cc1)Br)Nc2ccc(cc2)NC(=O)N,inactive
decoys,C[C@]12CC[C@H](C1(C)C)/C(=C(/Cc3ccccc3)\NNC(=O)N)/C2=O,inactive
decoys,c1ccc(cc1)[C@H]2[C@H]3CCC[C@H](C3=NNC(=S)N)[C@@H](N2)c4ccccc4,inactive
decoys,c1cc(sc1C(=O)N[C@H](C2CCCCC2)/C(=N/O)/N)Br,inactive
decoys,c1ccc(c(c1)C(=O)N)O[C@@H](CN)c2ccc(cc2)Br,inactive
decoys,C[C@H](c1ccc(cc1)NC(=O)N)NC(=O)c2csc3c2CCCC3,inactive
decoys,C[C@H](c1ccc(s1)Cl)NS(=O)(=O)c2ccc(cc2)NN,inactive
decoys,CC[C@@H](c1cccs1)Nc2ccc(cc2N)S(=O)(=O)NC,inactive
decoys,CCC[C@@](C)(C(=O)Nc1ccc(cc1C(=O)[O-])Br)[NH3+],inactive
decoys,CC(C)[C@@H](c1cccs1)NC(=O)c2cc(nc(c2)Cl)NN,inactive
decoys,C[C@@H](c1ccc(cc1)Br)NC(=O)c2ccccc2NN,inactive
decoys,Cc1ccc(c(c1)C(=O)Nc2c(cc(cc2Br)C)Br)NN,inactive
decoys,c1ccc2cc(ccc2c1)CC(=O)NNC(=O)c3ccc(cc3)C(=S)N,inactive
decoys,CC[C@H]([C@H](c1ccc(s1)Br)N2CCCC[C@@H]2C(=O)N)N,inactive
decoys,CC[C@@H]([C@@H](c1ccc(s1)Br)N(CC(=O)N)C2CCCC2)N,inactive
decoys,c1cc(c(cc1NC(=O)N[C@@H]2CCC[C@H]2C(=S)N)Cl)Cl,inactive
decoys,c1cc(c(cc1I)C(=O)[O-])NC(=O)[C@H]2CCC[C@@H](C2)[NH3+],inactive
decoys,c1ccc(cc1)C2(CCC2)NC(=O)C[C@@H](c3cccs3)NC(=O)N,inactive
decoys,CC[NH+](CC)c1ccc2cc(c(=[NH2+])oc2c1)C(=O)Nc3ccccc3Br,inactive
decoys,Cc1cc(ccc1NC(=O)[C@@H](C)NC(=O)N)SC2CCCCC2,inactive
decoys,c1ccc2c(c1)CC[C@H](C2)NC(=O)NCCc3cccc(c3)C(=O)N,inactive
decoys,c1c(cc(c(c1C(=O)[O-])NC(=O)[C@H]2CCC[C@@H](C2)[NH3+])Cl)Cl,inactive
decoys,C[C@@H](/C(=N/O)/N)Nc1c(cc(cc1Br)Br)Br,inactive
decoys,c1cc(sc1CNc2cc3c(cc2N)OCC(=O)N3)Br,inactive
decoys,C[NH+](C)c1ccc(cc1)NC(=O)N[C@H]2CCC[NH+](C2)Cc3ccccc3,inactive
decoys,Cc1ccsc1[C@H](Cc2ccccc2)N[C@H](C)C(=O)NC(=O)N,inactive
decoys,C[C@H](CCC(=O)O)[C@@H]1CC[C@@H]2[C@@]1([C@@H](C[C@H]3[C@H]2[C@H](C[C@H]4[C@@]3(CC[C@H](C4)O)C)O)O)C,inactive
decoys,Cc1cc(c(c(c1)Br)N[C@@H](C)C/C(=N/O)/N)Br,inactive
decoys,C[C@@H]1CCC[C@](C1)(C(=O)Nc2ccc(cc2Br)C(=O)[O-])[NH3+],inactive
decoys,c1cc(ccc1/[NH+]=C(/Nc2ccc(c(c2)F)F)\[S-])S(=O)(=O)N,inactive
decoys,CC[C@@H]1CC[C@@H]([C@@H]1C)NC(=O)c2cc(cnc2NN)Br,inactive
decoys,C[C@@H]1CCC[C@](C1)(CNC(=O)c2cc(c(cc2Br)F)N)O,inactive
decoys,C[C@@H]1CCC[C@@](C1)(CNC(=O)c2ccc(c(c2)Br)N)O,inactive
decoys,c1cc(c(cc1Br)[O-])C(=O)N[C@@H]2CCCC[C@H]2C[NH3+],inactive
decoys,CC1CCC(CC1)(CO)NC(=O)c2ccc(cc2N)Br,inactive
decoys,C[C@](C(=O)Nc1ccc(cc1C(=O)[O-])Br)(C(F)(F)F)[NH3+],inactive
decoys,Cc1cc(cc(c1[NH3+])C(=O)[O-])N[C@H](C)c2cccc(c2)Br,inactive
decoys,[H]/N=C(\C(=N/c1ccc(cc1)Br)\N)/Nc2ccc(cc2)Br,inactive
decoys,c1ccc(cc1)[C@H](CNc2ccccc2I)/C(=N/O)/N,inactive
decoys,C[NH+](C)c1ccc(cc1)NC(=O)NCC[NH+]2CCc3c(ccs3)C2,inactive
decoys,c1c(cc(c(c1C(=O)[O-])NC(=O)[C@@H]2C[C@H](C=C2)[NH3+])Br)Br,inactive
decoys,C[C@H](C(=O)NC(=O)N)Sc1[nH+]c2c(c3c(s2)CCCCC3)c(n1)N,inactive
decoys,C1CCc2c(sc3c2c([nH+]c(n3)CSc4[nH]c(nn4)N)N)CC1,inactive
decoys,Cc1cc(c(c(c1)Br)NC(=O)[C@@H](CC(=O)N)[NH3+])Br,inactive
decoys,c1cc(ccc1NC(=O)[C@H](CC(=O)N)[NH3+])SC(F)(F)F,inactive
decoys,Cc1cc(cc(c1)NC(=O)c2c(c\3c(o2)CC(C/C3=N\NC(=[NH2+])N)(C)C)C)C,inactive
decoys,c1cc(c(cc1Nc2c(c([nH+]cn2)NN)N)Cl)Cl,inactive
decoys,Cc1ccc(c(c1)Nc2c(c([nH+]cn2)Nc3ccc(cc3)NC(=O)C)N)C,inactive
decoys,c1ccc(cc1)NNc2c(c([nH+]cn2)Nc3nccs3)N,inactive
decoys,CC[C@H]([C@@H](c1ccccc1C)Sc2[nH]c(=O)cc(n2)N)[NH3+],inactive
decoys,C[C@H]([C@@H](c1ccccc1Br)Sc2[nH]c(=O)cc(n2)N)[NH3+],inactive
decoys,CC[C@H]([C@@H](c1ccccc1Br)Sc2[nH]c(=O)cc(n2)N)[NH3+],inactive
decoys,CC[C@H]([C@H](c1ccccc1Br)Sc2[nH]c(=O)cc(n2)N)[NH3+],inactive
decoys,CC[C@H]([C@H](c1ccc(s1)C)Sc2[nH]c(=O)cc(n2)N)[NH3+],inactive
decoys,CC[C@H]([C@@H](c1ccc(s1)Cl)Sc2[nH]c(=O)cc(n2)N)[NH3+],inactive
decoys,CC[C@H]([C@@H](c1cc(cs1)Br)Sc2[nH]c(=O)cc(n2)N)[NH3+],inactive
decoys,c1ccc2c(c1)[C@@]3(C(=O)N2)NC(=[NH2+])NC(=N3)Nc4ccc(cc4)Cl,inactive
decoys,C[C@@H](C(=O)Nc1ccccc1[NH2+]C23CC4CC(C2)CC(C4)C3)NC(=O)N,inactive
decoys,c1cc(c(cc1C(=O)N)[N+](=O)[O-])N[C@@H]2CCCCC[C@H]2[NH3+],inactive
decoys,C[C@@H](CNC(=O)NC12CC3CC(C1)CC(C3)C2)C(=[NH2+])N,inactive
decoys,C[C@H]1CCC[C@@](C1)(C(=O)Nc2ccc(c(c2)C(=O)N)Cl)[NH3+],inactive
decoys,c1cc(c(cc1C(F)(F)F)C(=O)N)N[C@@H]2CCC[C@@H]2C[NH3+],inactive
decoys,Cc1cc(cc(c1C)N[C@@H]2CCCC[C@@H]2C[NH3+])S(=O)(=O)N,inactive
decoys,CC(C)C[C@@](C)(CNc1cc2c(cc1[NH3+])CCC(=O)N2)O,inactive
decoys,c1cc(c(cc1S(=O)(=O)N)Br)N[C@@H]2CCC[C@@H](C2)[NH3+],inactive
decoys,C[C@@H](C[C@H]1CCC[NH2+]1)N[C@@H](C)c2ccc(cc2)NC(=O)N,inactive
decoys,Cc1cc(ccc1N[C@H]2CCc3c2ccc(c3)[NH3+])C(=O)N,inactive
decoys,Cc1ccc(c(c1)N[C@H]2CCc3c2ccc(c3)[NH3+])C(=O)N,inactive
decoys,c1cc(c(cc1Br)Br)Nc2ccc(c([nH+]2)N)N,inactive
decoys,c1cc(c([nH+]c1)N)C[C@@H](C23CC4CC(C2)CC(C4)C3)NN,inactive
decoys,c1ccc2c(c1)CCC[C@H]2[C@H](c3cc(cnc3N)Cl)N[NH3+],inactive
decoys,c1ccc(c(c1)[C@@H](Cc2cc(cc(c2)Br)F)N[NH3+])N,inactive
decoys,CC1(CCC(CC1)[C@H](c2cc(cnc2N)Cl)[NH2+]N)C,inactive
decoys,C[C@H]1CC[C@@H](C[C@@H]1C)[C@@H](c2cc(ccc2N)Br)N[NH3+],inactive
decoys,c1cc(c(cc1C(F)(F)F)[C@@H](C2CCCCCC2)[NH2+]N)N,inactive
decoys,c1ccc(cc1)CCC[C@H](c2cc(ccc2N)Br)N[NH3+],inactive
decoys,CC(C)n1c(c(cn1)Br)[C@@H](c2cc(ccc2N)Br)N[NH3+],inactive
decoys,Cc1ccc(c(c1)[C@@H](c2cc(ccc2N)Br)N[NH3+])F,inactive
decoys,c1ccc2cc(ccc2c1)[C@@H](c3cc(ccc3N)Br)N[NH3+],inactive
decoys,c1cc(c(cc1Br)[C@@H]([C@@H]2CCO[C@@]3(C2)CCSC3)N[NH3+])N,inactive
decoys,c1cc(c(cc1Br)[C@@H](Cc2cc(ccc2F)Br)N[NH3+])N,inactive
decoys,CC[C@H]1CCC[C@@H](C1)[C@@H](c2cc(ccc2N)Br)[NH2+]N,inactive
decoys,c1cc(c(cc1Br)[C@@H](c2cc(cc(c2)F)F)N[NH3+])N,inactive
decoys,c1ccc2c(c1)C[C@@H]2C[C@@H](c3cc(ccc3N)Br)[NH2+]N,inactive
decoys,c1cc2c(nc1)[C@H](CCC2)[C@H](c3cc(ccc3N)Br)N[NH3+],inactive
decoys,c1cc2c(cc1[C@H](c3cc(ccc3N)Br)N[NH3+])CCO2,inactive
decoys,CC(C)(C)c1ccc(cc1)[C@@H](c2cc(ccc2N)Br)N[NH3+],inactive
decoys,c1cc(c(cc1Br)[C@@H]([C@@H]2CCOC3(C2)CCC3)[NH2+]N)N,inactive
decoys,c1ccc(cc1)[C@@H]2C[C@H]2[C@@H](c3cc(ccc3N)Br)[NH2+]N,inactive
decoys,Cc1ccsc1[C@H](c2cc(ccc2N)C(F)(F)F)N[NH3+],inactive
decoys,Cc1cc(cc(c1Br)C)[C@H](c2cc(cnc2N)Cl)N[NH3+],inactive
decoys,C/C(=C/C[C@H]1[C@@]2(CCCC([C@@H]2CC[C@@]1(C)O)(C)C)C)/NNC(=O)N,inactive
decoys,CC(C)(C)[C@H]1CCc2c(sc(c2C(=O)NC(=O)N)N)C1,inactive
decoys,C/C(=N\N)/[C@]1(CC[C@@H]2[C@@]1(CC[C@H]3[C@@H]2CCC4=C/C(=N/N)/CC[C@]34C)C)O,inactive
decoys,Cc1ccc(cc1Cl)Nc2ccc(cc2N)S(=O)(=O)N,inactive
decoys,c1cc(c(cc1Nc2ccc(cc2N)S(=O)(=O)N)Cl)F,inactive
decoys,Cc1c(c(nc2c1c(c(s2)C(=O)N[C@@H](C)c3ccccc3)N)N)C#N,inactive
decoys,[H]/N=C(\N)/N/N=C/1\CC(Cc2c1c(c(o2)C(=O)Nc3ccccc3F)C)(C)C,inactive
decoys,c1c(cc(cc1N)N)C(=O)Nc2c(cc(cc2Cl)Br)Cl,inactive
decoys,Cc1ccc(cc1)C(=O)NNc2c(c(ncn2)Nc3cc(ccc3C)Cl)N,inactive
decoys,Cc1cc[nH+]c(c1)Nc2c(c(nc[nH+]2)N3CC[NH+](CC3)Cc4ccccc4)N,inactive
decoys,Cc1cc[nH+]c(c1)Nc2c(c(nc[nH+]2)NC3CCCCC3)N,inactive
decoys,Cc1ccc(cc1C)Nc2c(c([nH+]cn2)Nc3ccc(cc3)C(=O)[O-])N,inactive
decoys,Cc1ccc([nH+]c1)Nc2c(c(nc[nH+]2)NC3CCCCC3)N,inactive
decoys,c1ccc(c(c1)Nc2c(c(nc[nH+]2)Nc3ccc(cc3)C(=O)[O-])N)F,inactive
decoys,Cc1ccc([nH+]c1)Nc2c(c(nc[nH+]2)NC3CCCCCC3)N,inactive
decoys,Cc1ccc(cc1Nc2ccc(c(c2)C(=O)N)N)Br,inactive
decoys,CC[C@H]([C@@H](c1ccc(cc1)Br)Sc2nc(cc(n2)N)N)N,inactive
decoys,c1cc(c(cc1Nc2cc(c(cc2F)N)C(=O)N)Cl)F,inactive
decoys,c1cc(c(cc1Br)C(=O)[O-])NC(=O)N[C@@H]2CCCC[C@@H]2[NH3+],inactive
decoys,c1cc(c(cc1Br)C(=O)[O-])NC(=O)N[C@@H]2CCCC[C@H]2[NH3+],inactive
decoys,c1ccc(cc1)NC(=[NH2+])Nc2[nH+]c(=O)c3ccccc3s2,inactive
decoys,c1ccc2c(c1)CCCN2c3c(c([nH+]cn3)Nc4cccc[nH+]4)N,inactive
decoys,C[C@@H](C(=O)Nc1ccccc1NC23CC4CC(C2)CC(C4)C3)NC(=O)N,inactive
decoys,c1ccc(c(c1)Nc2ccc(c(c2)C(=O)N)N)SC(F)F,inactive
decoys,CCOC(=O)c1cc2c(c(sc2nc1N)C(=O)Nc3ccccc3C)N,inactive
decoys,C[C@@H]1CCC[C@H](C1)CCNc2cc(c(cc2F)N)C(=O)N,inactive
decoys,C[C@H](Cc1cccs1)Nc2cc(c(cc2F)N)C(=O)N,inactive
decoys,CC[C@H]1CCC[C@H](C1)NC(=O)N[C@@H](C)c2ccc(cc2)NC(=O)N,inactive
decoys,Cc1ccc(s1)C[C@@H](C)Nc2cc(c(cc2F)N)C(=O)N,inactive
decoys,C[C@@H]1CC[C@@H](C[C@@H]1C)Nc2ccc(cc2N)S(=O)(=O)N,inactive
decoys,CC[C@@H]1CC[C@@H]([C@@H]1C)Nc2ccc(cc2N)S(=O)(=O)N,inactive
decoys,Cc1cc(ccc1Nc2cc(nc(n2)N)NN)Br,inactive
decoys,c1cc2c(ccs2)cc1Nc3ccc(cc3N)S(=O)(=O)N,inactive
decoys,C[C@H](c1ccc(cc1)NC(=O)N)NC(=O)N[C@@H](C)c2ccc(s2)Cl,inactive
decoys,c1cc(c(cc1NCCC2CCCCC2)N)S(=O)(=O)N,inactive
decoys,C[C@@H]1CCCCC[C@H]1Nc2ccc(c(c2)N)S(=O)(=O)N,inactive
decoys,C[NH+]1CCC[C@H](C1)C[NH2+][C@@H]2CCCC[C@@H]2[C@@H]3CCCC[NH2+]3,inactive
decoys,CC1(CCCC[C@H]1Nc2ccc(cc2N)S(=O)(=O)N)C,inactive
decoys,CC[C@@H]1CCCC[C@H]1Nc2cc(cc(c2C)S(=O)(=O)N)N,inactive
decoys,c1ccc(cc1)NC(=O)Nc2ccc(cc2)NC(=O)c3cc(cs3)C(=O)N,inactive
decoys,C[NH+](C)C1(CCCCC1)[C@@H](Cc2cc(ccc2F)Br)N[NH3+],inactive
decoys,CCC1CCC(CC1)[C@@H]([C@]2(CCC[C@@H](C2)C)[NH+](C)C)N[NH3+],inactive
decoys,CC[C@@H]1CCCC[C@@H]1[C@@H]([C@@]2(CCC[C@@H](C2)C)[NH+](C)C)N[NH3+],inactive
decoys,Cc1cc(cc(c1)F)[C@@H](C(C)(C)[NH+]2CCCCCC2)N[NH3+],inactive
decoys,Cc1ccc(c(c1)C)[C@H](c2cc(ccc2N)Br)NN,inactive
decoys,c1cc(ccc1C2CCC2)[C@H](c3cc(ccc3N)Br)NN,inactive
decoys,c1cc(c(cc1Br)[C@H]([C@H]2CCOC3(C2)CCCC3)NN)N,inactive
decoys,C[NH+](C)c1cccc(c1)[C@@H](Cc2ccccc2Br)N[NH3+],inactive
decoys,C[NH+](C)c1cccc(c1)[C@@H](Cc2ccc(s2)Cl)N[NH3+],inactive
decoys,C[NH+](C)c1ccc(cc1)[C@@H](c2cccc3c2scc3)N[NH3+],inactive
decoys,c1cc(sc1C(=C2C[NH+]3CCC2CC3)c4ccc(s4)Cl)Cl,inactive
decoys,Cc1ccc2c(c1)c3c4n2CC[NH+]([C@@H]4CCC3)[C@@H](C)c5ccccc5,inactive
decoys,c1ccc(cc1)C(c2ccccc2)[NH+]3CC(C3)Oc4ccccc4,inactive
decoys,C[C@H]1[C@H]([C@@H](C[NH+]([C@@H]1c2ccccc2)C)C(=O)c3ccccc3)c4ccccc4,inactive
decoys,CCC[C@H]1[C@H](CC[NH+]1Cc2ccccc2)CI,inactive
decoys,c1ccc2c(c1)CC(C2)[NH+]3CCC[C@H](C3)C(=O)c4cccc(c4)Cl,inactive
decoys,C[NH+](C)CC[C@@H](c1cccs1)Oc2cccc3c2cccc3,inactive
decoys,c1ccc(c(c1)C[NH+]2CCCCC[C@H]2c3cccs3)Br,inactive
decoys,CSc1ccc(cc1)C[NH+]2CCCCC[C@H]2c3cccs3,inactive
decoys,Cc1ccc(cc1)/C(=[NH+]/C(=O)C23CC4CC(C2)CC(C4)C3)/c5ccccc5,inactive
decoys,C[C@]12C[C@H](CC(C1)(C)C)[NH+](C2)C3CCN(CC3)CCc4ccccc4,inactive
decoys,Cc1cccc(c1C)[NH+]2CCN(CC2)Cc3ccccc3Br,inactive
decoys,c1ccc2=[NH+]CC(=c2c1)SCc3ccc(cc3)Br,inactive
decoys,Cc1ccc2c(c1)[nH+]c(n2Cc3cc(cs3)Br)[C@@H](C)Cl,inactive
decoys,CC[C@H]1CCC[NH+](CC1)[C@@H](C)C(=O)c2ccc(cc2)Br,inactive
decoys,CC(C)[C@H]1CCC[NH+](CC1)CC(=O)c2cc(sc2Cl)Cl,inactive
decoys,C[C@H](C(=O)c1ccc(s1)Cl)[NH+]2CCC[C@@H](CC2)C(C)(C)C,inactive
decoys,CCC[C@H]1CCC[NH+](CC1)Cc2ccccc2Br,inactive
decoys,CC(C)[C@@H]1CCC[NH+](CC1)CCC(=O)c2cccc(c2)Br,inactive
decoys,CCC(CC)(C[NH+]1CCC(CC1)C(C)(C)C)CBr,inactive
decoys,CCC(CC)(C[NH+]1CCC[C@H](CC1)C(C)(C)C)CBr,inactive
decoys,C1CCC(C1)[C@@H]2CCC[NH+]2CC3(CCCC3)CBr,inactive
decoys,Cc1ccc(cc1)C[NH+](C)CC2(CCCCC2)CBr,inactive
decoys,CC(C)(C)C1CC[NH+](CC1)CC2(CCCCC2)CBr,inactive
decoys,CC(C)[C@H](C[NH+]1CCCc2ccccc2C1)CBr,inactive
decoys,CC(C)(C)[C@@H](C[NH+]1CCC(CC1)Cc2ccccc2)CBr,inactive
decoys,C[C@@H](c1cccs1)[NH+](C)C[C@@H](CBr)C(C)(C)C,inactive
decoys,c1ccc(cc1)[C@@H](C[NH+]2CCC3(CCCCC3)CC2)CBr,inactive
decoys,c1ccc(cc1)[C@H](C[NH+]2CCC3(CCCC3)CC2)CBr,inactive
decoys,C[C@@H]1CCC[C@@H]([C@@H]1C)n2c3cc(ccc3[nH+]c2[C@@H](C)Cl)Br,inactive
decoys,CC1CCC(CC1)n2c3cc(ccc3[nH+]c2[C@H](C)Cl)Br,inactive
decoys,CC[C@H]1CCCC[C@H]1n2c3cc(ccc3[nH+]c2CCl)Br,inactive
decoys,C[C@H](c1[nH+]c2ccc(cc2n1[C@@H](C)C3CCCCC3)Br)Cl,inactive
decoys,C[C@H]1CC[C@H](C[C@@H]1C)n2c3cc(ccc3[nH+]c2CCCl)Br,inactive
decoys,c1cc(ccc1C[NH+]2CC[C@@H]3CCCC[C@@H]3C2)I,inactive
decoys,c1cc(ccc1C[NH+]2CCC[C@H]3[C@@H]2CCCC3)I,inactive
decoys,C[NH+](Cc1ccc(cc1)I)CC2CCCCC2,inactive
decoys,c1cc(ccc1C[NH+]2CCC3(CCCC3)CC2)I,inactive
decoys,C[C@@H]1CCCCC[C@@H]1n2c3ccc(cc3[nH+]c2CCl)Br,inactive
decoys,C[C@@H](CC[NH+]1CCC[C@@H](CC1)C(C)(C)C)CCBr,inactive
decoys,Cc1ccc[nH+]c1C[C@H](c2cc3c(s2)CCCCC3)Br,inactive
decoys,CCCCC1CCC(CC1)[C@H](Cc2ccc(c[nH+]2)C)Br,inactive
decoys,Cc1ccc([nH+]c1)C[C@H](c2c(cc(cc2C)C)C)Br,inactive
decoys,C[C@H]1CC[C@H]([C@@H](C1)Br)C(C)(C)[C@@H]2CCCc3c2[nH+]ccc3,inactive
decoys,CCn1c2ccccc2[nH+]c1C[C@H]3CCCC[C@H](C3)Br,inactive
decoys,c1c2c(cc(c1Cl)Cl)n(c([nH+]2)CCCl)[C@@H]3C[C@H]4CC[C@@H]3C4,inactive
decoys,C=C1CCCC[C@H]2[C@H]1[C@H](C[NH+]2Cc3ccccc3)c4ccccc4,inactive
decoys,CCC[C@@H]1CCC[NH+](CC1)c2c(cc(cn2)C)Br,inactive
decoys,Cc1cc(c(nc1)[NH+]2CCC[C@H](CC2)C(C)(C)C)Br,inactive
decoys,Cc1cc(c(nc1)[NH+](CC(C)C)C2CCCC2)Br,inactive
decoys,Cc1ccc(cc1)N2CN(CP(C2)c3ccccc3)c4ccc(cc4)C,inactive
decoys,c1ccc(cc1)/C=C/2\CC[C@@H](C2=O)C[C@@H]3CCC[C@@H](C3=O)C4=CCCCC4,inactive
decoys,c1ccc(cc1)CCSc2c3c(csc3ncn2)c4ccccc4,inactive
decoys,c1cc(ccc1C#N)Oc2cc(cc(c2)C(F)(F)F)C(F)(F)F,inactive
decoys,Cc1cc(c(cc1C)C(=O)CSc2nc3ccccc3s2)C,inactive
decoys,CCc1cccc2c1n(cc2C(=O)C)Cc3ccc(cc3)Br,inactive
decoys,c1ccc(cc1)CC2CCN(CC2)C(=O)C34CC5CC(C3)CC(C5)C4,inactive
decoys,Cc1ccc2c(c1)[C@@H](C[C@H](N2C(=O)Cc3ccccc3)C)c4ccccc4,inactive
decoys,Cc1ccc(cc1)/C(=C/C=C(C#N)C#N)/Sc2ccc(cc2)Cl,inactive
decoys,C[C@]12CCC[C@H]1[C@@H]3CC=C4C[C@@H](CC[C@@]4([C@@H]3CC2)C)OC(=O)CCl,inactive
decoys,CCN(CC)c1ccc(cc1)/C=C(\C#N)/c2ccc(cc2)Br,inactive
decoys,c1cc(ccc1/C(=C/C=C(C#N)C#N)/Sc2ccc(cc2)Cl)F,inactive
decoys,c1ccc(cc1)C(c2ccccc2)Sc3c4ccsc4ncn3,inactive
decoys,CC(C)c1ccc(cc1)N2[C@H](SCC2=O)c3cccc(c3)Cl,inactive
decoys,CC(C)c1ccc(cc1)N2[C@@H](SCC2=O)c3ccc(cc3)Cl,inactive
decoys,CCN\1c2ccccc2S/C1=C\C=C\3/C(=O)C=C(S3)c4ccccc4,inactive
decoys,CC1([C@@H]2CC=C([C@H]1C2)CN3CCN(CC3)c4cccc(c4)Cl)C,inactive
decoys,C[C@@H]1CCc2ccccc2N1CC(=O)c3cc(sc3Cl)Cl,inactive
decoys,C[C@H]1CCc2ccccc2N1CC(=O)c3cc(sc3Cl)Cl,inactive
decoys,c1cc(cc(c1)Br)[C@@H](C#N)C(=O)c2cc3c(s2)CCCC3,inactive
decoys,Cc1cc(c(c(c1)C)C(=O)[C@H](C#N)c2ccc(cc2)Br)C,inactive
decoys,CC(C)c1ccc(cc1)[C@@H](C#N)C(=O)c2ccc(s2)Br,inactive
decoys,CCCCN(c1ccccc1)C(=O)c2cccc(c2)Br,inactive
decoys,C[C@@H]1CCCN(C1)CCOc2ccc3ccccc3c2Br,inactive
decoys,c1ccc(cc1)/C=C/2\CC[C@H](C2=O)C[C@@H]3CCC[C@@H](C3=O)C4=CCCCC4,inactive
decoys,Cc1ccc(cc1)C(=O)/C=C/C2=C(Cc3c2cccc3)N4CCCCCC4,inactive
decoys,Cc1ccc(cc1)[C@@H](C#N)C(=O)c2ccc(cc2Cl)Br,inactive
decoys,CCn1c2ccccc2nc1SCc3cccc(c3)Br,inactive
decoys,CCN(c1ccccc1)C(=O)/C(=C\c2ccccc2)/c3ccccc3,inactive
decoys,CC[C@@H]1CCC[C@H](C1)O[C@@H](C)C(=O)c2ccc(cc2)Br,inactive
decoys,C/C=C/[C@H]1[C@H](C1(C)C)C(=O)OCc2c(c(c(c(c2F)F)C)F)F,inactive
decoys,c1ccc(cc1)[C@@]23CCCC[C@H]2CN3C(=O)CCc4cccc(c4)F,inactive
decoys,CCC[C@H]1CCCN(CC1)CC(=O)c2cc(sc2Cl)Cl,inactive
decoys,CC(C)(C)[C@H]1CC[C@@H]([C@@H](C1)Sc2ccc(cn2)Br)C#N,inactive
decoys,CCOC(=O)C1(CCCCC1)Cc2ccccc2Br,inactive
decoys,CCCc1c(c(nc(n1)C(CC)CC)Cl)I,inactive
decoys,CC(C)[C@H]1CCC(=O)N(CC1)C[C@H](CBr)c2ccccc2,inactive
decoys,C[C@@H](c1nc2ccc(cc2n1CCCC(C)C)Br)Cl,inactive
decoys,C[C@H](CCC(C)C)n1c2cc(ccc2nc1CCl)Br,inactive
decoys,Cc1cc(cc(c1OC[C@H](CBr)c2ccccc2)C)C#N,inactive
decoys,CC[C@@H]1CC[C@H]([C@@H](C1)Cc2c3ccccc3n(n2)CC)Br,inactive
decoys,CCC[C@@H]1CC[C@@H]([C@@H](C1)Cc2c(c(nn2CC)C)Br)Cl,inactive
decoys,CC(C)C1CCC(CC1)c2nc(c(c(n2)Cl)Br)C3CC3,inactive
decoys,Cc1c(c(n(n1)C)C[C@@H](CCl)c2ccc(cc2)Br)Cl,inactive
decoys,CCN(c1cccc(c1)C)C(=O)c2cc(c(s2)Br)C,inactive
decoys,c1ccc(cc1)[C@@H](C#CCCN2CCCCC2)C(=O)c3ccccc3,inactive
decoys,Cc1ccc(cc1)[C@H]2c3cccn3CCCN2Cc4ccccc4C,inactive
decoys,Cc1ccc(c(c1)C)[C@@H]2c3cccn3CCCN2Cc4ccccc4,inactive
decoys,Cc1cccc(c1)CN2CCCn3cccc3[C@H]2c4ccc(c(c4)C)C,inactive
decoys,CC[C@H](c1ccccc1)[C@H]2CCCN2C(=O)/C=C/c3cccs3,inactive
decoys,CSc1c2c(c(sc2nc(n1)N)C(=O)C34CC5CC(C3)CC(C5)C4)N,inactive
decoys,c1cc(sc1)C(=O)c2cc3c(c(sc3nc2C(F)(F)F)C(=O)N)N,inactive
decoys,CC(C)c1ccc(cc1)[C@@H](c2cccs2)NC(=O)c3ccc(cc3)NC(=O)N,inactive
decoys,CC(C)c1ccc(cc1)[C@H](c2cccs2)NC(=O)c3ccc(cc3)NC(=O)N,inactive
decoys,C[C@]12CC[C@@H](C[C@@H]1CC[C@@H]3[C@@H]2CC[C@]\4([C@H]3CC/C4=N\NC(=S)N)C)O,inactive
decoys,c1cc(sc1)[C@@H](CC(=O)NCC23CC4CC(C2)CC(C4)C3)NC(=O)N,inactive
decoys,CCCNC(=O)Nc1c(cc(cc1Br)Br)N,inactive
decoys,C[C@H](c1ccc(cc1)NC(=O)N)Nc2ccccc2I,inactive
decoys,C[C@H](c1ccc(cc1)NC(=O)N)N[C@H](C)c2c(ccs2)Br,inactive
decoys,CC(C)(C)Nc1c(c(ncn1)NC23CC4CC(C2)CC(C4)C3)N,inactive
decoys,CC(C)(C)Nc1c(c(ncn1)Nc2ccc(cc2)I)N,inactive
decoys,C[C@H](c1ccccc1)Nc2c(c(ncn2)Nc3ccccc3Br)N,inactive
decoys,c1ccc(cc1)C(c2ccccc2)Nc3c(c(ncn3)NC4CCCCCC4)N,inactive
decoys,CC(C)(C)[C@H](c1ccccc1)NC(=O)Nc2ccccc2CC(=O)N,inactive
decoys,Cc1cc(cc(c1NC(=O)c2ccc(cc2)C(C)C)C)NC(=S)N,inactive
decoys,CC[C@@H]1CCCC[C@@H]1Nc2ccc(cc2N)S(=O)(=O)NC,inactive
decoys,CC[C@H]1CCCC[C@H]1Nc2ccc(cc2N)S(=O)(=O)NC,inactive
decoys,Cc1ccc(c(c1)Br)NC(=O)c2ccc(cc2)NN,inactive
decoys,CC[C@@H](C1CCCCC1)NS(=O)(=O)c2ccc(cc2)NN,inactive
decoys,c1c(cc(c(c1N)Cl)Cl)C(=O)NC2(CCCCC2)CO,inactive
decoys,C[C@H]1CCC[C@](C1)(CO)NC(=O)c2cc(c(c(c2)Cl)Cl)N,inactive
decoys,c1cc(sc1)[C@@H](C2CCCC2)NC(=O)Nc3ccc(cc3)CC(=O)N,inactive
decoys,C[C@H]1CCc2c(sc(c2C(=O)N)NC(=O)CN[C@@H](C)c3ccccc3)C1,inactive
decoys,CC[NH+](CC)c1ccc2cc(/c(=[NH+]/c3ccccc3OC)/oc2c1)C(=S)N,inactive
decoys,Cc1cc(ccc1F)[C@H](c2cc3c(cc2Br)[nH]c(=O)[nH]3)N,inactive
decoys,CC[NH+](CC)c1ccc(cc1)C(=O)Nc2ccccc2C3[NH+]=c4ccccc4=[NH+]3,inactive
decoys,CC(C)(C)NC(=O)c1ccc(cc1)NC(=O)CCc2ccccc2N,inactive
decoys,Cc1ccc(c(c1)C)C[C@@H](C)NC(=O)Nc2ccccc2CC(=O)N,inactive
decoys,c1cc(sc1)[C@@H](CC(=O)NC2(CCCC2)c3ccc(cc3)F)NC(=O)N,inactive
decoys,C[C@@H](CNc1cc(ccc1Br)Br)/C(=N/O)/N,inactive
decoys,CCC[C@@](C)(C(=O)Nc1ccc(cc1Br)C(=O)[O-])[NH3+],inactive
decoys,Cc1ccc(cc1NC(=O)NCCc2cc(cc(c2)C)C)C(=O)N,inactive
decoys,C[NH+](C)c1ccc(cc1)NC(=O)C[NH+]2CCC(CC2)[C@H](c3ccccc3)O,inactive
decoys,CC(C)(C(=O)Nc1ccc(cc1C(=O)[O-])Br)C(C)(C)[NH3+],inactive
decoys,CC(C)(C)CC(C)(C)Nc1c(cnc(n1)NN)Br,inactive
decoys,c1ccc(c(c1)Nc2c(cnc(n2)NN)Br)Br,inactive
decoys,c1cc(ccc1Nc2c(cnc(n2)NN)Br)Br,inactive
decoys,c1cc2c(ccs2)cc1NC(=O)c3cc(ccc3NN)Cl,inactive
decoys,c1cc(c(cc1[NH3+])C(=O)[O-])Nc2c(cc(cc2F)Br)F,inactive
decoys,Cc1ccc(cc1C(=O)N)NC(=O)NCC2CCC(CC2)(C)C,inactive
decoys,CC(C)NC(=O)C[C@H](CN)Nc1ccccc1Br,inactive
decoys,C[NH+](C)[C@H]1CC[C@@H](C1)NC(=O)Nc2ccc(cc2)[NH+](C)Cc3ccccc3,inactive
decoys,Cc1cscc1C(=O)NC2(CCCCCCC2)/C(=N/O)/N,inactive
decoys,c1cc(c(cc1Br)C(=O)[O-])NC(=O)[C@@H]2CCCCC[C@H]2[NH3+],inactive
decoys,c1ccc(cc1)[C@@H](C/C(=N/O)/N)Nc2ccccc2I,inactive
decoys,C[C@H]1CCC[NH+](C1)C(C)(C)CNC(=O)Nc2ccc(cc2)[NH+](C)C,inactive
decoys,c1c(c(cc(c1I)F)NCC2(CCCCCC2)O)N,inactive
decoys,C[NH+](C)C1(CCCCC1)[C@H](Cc2cc(ccc2F)Br)NN,inactive
decoys,c1cc2c(cc1Br)cc([nH]2)C(=O)NC3(CCCCC3)C(=O)N,inactive
decoys,CCc1c(c(n(n1)CC)C[C@@H](C2[C@H]3[C@@H]2CCCC3)[NH2+]N)Cl,inactive
decoys,Cc1ccc2c(c1)c3c([nH]2)[C@@H](CCC3)[NH2+][C@@H](CO)[C@@H](c4ccc(cc4)[N+](=O)[O-])O,inactive
decoys,Cc1ccc(cc1)NC(=O)Nc2cc(c([nH+]c2C)C)NC(=O)Nc3ccc(cc3)C,inactive
decoys,C1CCc2c(c3c([nH+]c(nc3s2)SCC(=O)NC(=O)NC4CCCC4)N)C1,inactive
decoys,C[C@@H](c1ccc(cc1)NC(=O)N)[NH2+][C@@H](C)c2ccc(s2)Cl,inactive
decoys,Cc1cc(no1)NC(=O)c2c(nc(s2)Nc3ccc(c(c3)Cl)F)[NH3+],inactive
decoys,CCc1ccccc1Nc2c(c(ncn2)Nc3ccc(c[nH+]3)C)N,inactive
decoys,CCc1ccccc1Nc2c(c([nH+]cn2)Nc3ccc(cc3)C(=O)C)N,inactive
decoys,c1c(cc(cc1Cl)Cl)Nc2c(c(nc[nH+]2)NC3CCCC3)N,inactive
decoys,Cc1ccc(c(c1)Nc2c(c(nc[nH+]2)Nc3cc(ccn3)C)N)C,inactive
decoys,Cc1cc[nH+]c(c1)Nc2c(c(ncn2)Nc3ccc(cc3)C(=O)C)N,inactive
decoys,Cc1ccc2c(c1)sc(n2)Nc3c(c([nH+]cn3)Nc4cc(ccn4)C)N,inactive
decoys,CC(C)Nc1c(c([nH+]cn1)Nc2ccc(cc2)Br)N,inactive
decoys,Cc1ccc2c(c1)sc(n2)Nc3c(c([nH+]cn3)NCCc4ccccc4)N,inactive
decoys,C[C@@]12C[C@@H](CC(C1)(C)C)N(C2)c3c(c([nH+]cn3)NNC(=O)Cc4ccccc4)N,inactive
decoys,Cc1cccnc1Nc2c(c(nc[nH+]2)Nc3ccc(cn3)Br)N,inactive
decoys,c1cc(ncc1Cl)Nc2c(c(nc[nH+]2)NC34CC5CC(C3)CC(C5)C4)N,inactive
decoys,CC1(CC(CC([NH2+]1)(C)C)Nc2c(c(ncn2)N(C)c3ccccc3)N)C,inactive
decoys,Cc1ccc[nH+]c1Nc2c(c(ncn2)Nc3ccc(cc3)C(=O)C)N,inactive
decoys,Cc1cccc2c1nc(s2)Nc3c(c([nH+]cn3)Nc4c(cccn4)C)N,inactive
decoys,c1ccc(c(c1)Nc2c(c(nc[nH+]2)Nc3ccc(cn3)Cl)N)F,inactive
decoys,Cc1ccc(nc1)Nc2c(c(nc[nH+]2)Nc3nc4ccccc4s3)N,inactive
decoys,c1ccc2c(c1)nc(s2)Nc3c(c(nc[nH+]3)NC4CCCCCC4)N,inactive
decoys,c1cc(ncc1Cl)Nc2c(c([nH+]cn2)Nc3ccc(cn3)Br)N,inactive
decoys,Cc1ccc2c(c1)sc(n2)Nc3c(c([nH+]cn3)Nc4ccc(cc4)C(=O)C)N,inactive
decoys,Cc1ccccc1Nc2c(c([nH+]cn2)Nc3ccc(cc3F)Br)N,inactive
decoys,Cc1ccccc1Nc2c(c(nc[nH+]2)Nc3ccc(c(c3)Cl)F)N,inactive
decoys,Cc1ccc(cc1)Nc2c(c(nc[nH+]2)Nc3ccc(c(c3)Cl)F)N,inactive
decoys,CCOc1ccccc1Nc2c(c(nc[nH+]2)Nc3ccc(cc3)Br)N,inactive
decoys,CC(C)CCNc1c(c(ncn1)Nc2cccc3c2ccc[nH+]3)N,inactive
decoys,Cc1ccc(nc1)Nc2c(c([nH+]cn2)Nc3ccc(cc3)C(F)(F)F)N,inactive
decoys,CC(C)(C)c1cs/c(=N\S(=O)(=O)c2ccc([nH+]c2)NN)/[nH]1,inactive
decoys,Cc1ccccc1NC(=O)NNC(=O)NC[C@]2(CCC[C@H](C2)C)[NH+](C)C,inactive
decoys,CC[C@H](C)Nc1c(c([nH+]cn1)Nc2cccc3c2ccc(n3)C)N,inactive
decoys,Cc1cc(ccc1N[NH3+])C(=O)N[C@H](C)c2ccc(cc2)Br,inactive
decoys,CC(C)C[C@@H]1[NH2+][C@@H](N(N1)c2cccc(c2F)Cl)c3cc(=O)[nH]c(=O)[nH]3,inactive
decoys,CC[C@H](/C(=[NH+]/O)/N)Nc1cc(ccc1Br)Br,inactive
decoys,C[C@@H](c1[nH]c2ccccc2[nH+]1)NC(=O)Nc3ccc(cc3)NC(=O)C4CC4,inactive
decoys,c1cc(c(cc1I)[NH3+])N[C@H]2CCCC[C@@H]2O,inactive
decoys,c1cc(c(cc1I)[NH3+])N[C@H]2CCCC[C@H]2O,inactive
decoys,c1cc(c(cc1[NH3+])I)N[C@@H]2CCCC[C@H]2O,inactive
decoys,CC1CCC(CC1)(CO)Nc2cc(ccc2[NH3+])Br,inactive
decoys,C1CCCC(CCC1)NC(=O)C[NH2+]C2(CCCCC2)C(=O)N,inactive
decoys,c1cc(c(cc1Br)[NH3+])NC[C@@H]2CCCC[C@H]2CO,inactive
decoys,CC(C)C[C@](C)(CNc1c2cc(ccc2[nH+]cc1N)Br)O,inactive
decoys,C[C@@H](C[C@@H]1CCCCC[NH2+]1)Nc2ccc(c(c2)C(=O)N)Cl,inactive
decoys,C[C@@H]1CCC[C@](C1)(CO)Nc2ccc(cc2[NH3+])I,inactive
decoys,c1cc(c(cc1I)[NH3+])NC[C@@H]2CCCC[C@@H]2CO,inactive
decoys,c1c(c(cc(c1I)F)NCC2(CCCCC2)O)[NH3+],inactive
decoys,CCC1CCC(CC1)(CNc2ccc(cc2I)[NH3+])O,inactive
decoys,Cc1ccccc1NC(=O)NNC(=O)N[C@H](C)C[NH+]2C[C@@H](C[C@@H](C2)C)C,inactive
decoys,CC[NH+]1CCN(CC1)c2c3c4c(sc3nc(n2)Cc5ccccc5)CCCC4,inactive
decoys,C[NH+](C)CCN(c1nc2ccccc2s1)C(=O)c3c(c4ccccc4s3)Cl,inactive
decoys,C[NH+]1CCC(CC1)N(C)P2(=O)C=C(SC(=C2)c3ccccc3)c4ccccc4,inactive
decoys,C[NH+](CN1c2ccccc2/C(=N/c3cccc(c3)C(F)(F)F)/C1=O)C4CCCCC4,inactive
decoys,Cc1cc(c2c(c1)sc(n2)N(CC[NH+](C)C)C(=O)c3cccc4c3cccc4)C,inactive
decoys,CC(C)C[NH+]1CCC(CC1)[C@@H](Cc2ccccc2F)N(C)C(=O)c3cccs3,inactive
decoys,C/C(=C\c1ccccc1)/C[NH+]2CC[C@H]3[C@@H](C2)CCC(=O)N3Cc4ccc(cc4)C(F)(F)F,inactive
decoys,Cc1ccc2c(c1C)nc(s2)N(Cc3ccc[nH+]c3)C(=O)/C=C/c4ccccc4,inactive
decoys,Cc1ccc(cc1C)C(=O)N(Cc2ccc[nH+]c2)c3nc4ccc(cc4s3)SC,inactive
decoys,Cc1cccc2c1nc(s2)N(Cc3cccc[nH+]3)C(=O)c4ccc(c(c4)C)C,inactive
decoys,Cc1ccc(c(c1)C)C(=O)N(Cc2ccc[nH+]c2)c3nc4ccc(cc4s3)C,inactive
decoys,Cc1cc2c(c(c1)Br)OC[C@@](C2=O)(C[NH+]3CCCCC3)Sc4ccccc4,inactive
decoys,Cc1ccc(cc1)S[C@]2(COc3ccc(cc3C2=O)Br)C[NH+]4CCCC4,inactive
decoys,Cc1ccc(cc1)S[C@@]2(COc3ccc(cc3C2=O)Br)C[NH+]4CCCCC4,inactive
decoys,c1ccc(cc1)CC[NH+]2CC[C@@H]3[C@H](C2)[C@H](CN3C(=O)C4CC4)c5ccc(cc5)F,inactive
decoys,c1cc(ccc1C(CCCN2CC[NH+]3CCCC[C@@H]3C2)c4ccc(cc4)F)F,inactive
decoys,c1ccc(cc1)C2CCC(CC2)[NH+]3CCN(CC3)Cc4cccc5c4cccc5,inactive
decoys,c1ccc(c(c1)C[NH+]2CCC(CC2)Cc3ccc4c(c3)OCO4)Br,inactive
decoys,Cc1c(n(c([nH+]1)SCc2nc3ccccc3n2C(F)F)C4CCCCC4)C,inactive
decoys,c1cc(cc(c1)C(F)(F)F)[C@@H]2CN(C[C@H]2C[NH+]3CCCC3)C(=O)C4CCCC4,inactive
decoys,Cc1cccc(c1)C(=O)N2C[C@H]([C@H](C2)c3cccc(c3)C(F)(F)F)C[NH+]4CCCC4,inactive
decoys,c1cc(cc(c1)C(F)(F)F)[C@@H]2CN(C[C@H]2C[NH+]3CCCCC3)C(=O)c4cccs4,inactive
decoys,Cc1ccc(cc1)[C@@H]2C[NH+](C[C@@H]2CN(C3CCCCC3)C(=O)C)Cc4ccc(c(c4)F)F,inactive
decoys,Cc1ccccc1/C=C/C(=O)N2CCC(CC2)n3c4ccccc4[nH+]c3Cc5ccccc5,inactive
decoys,Cc1ccc(cc1)c2ccc3c(c2)cc(o3)C[NH+]4CCCN(CC4)Cc5cccc(c5)F,inactive
decoys,Cc1ccc(c(c1)C)C2=NN([C@H](C2)c3cc(ccc3C)C)C(=O)C[NH+]4CCCCC4,inactive
decoys,Cc1ccc(c(c1)C2=NN([C@@H](C2)c3ccccc3C)C(=O)C[NH+]4CCC(CC4)C)C,inactive
decoys,CCc1ccc(cc1)N(C2CC[NH+](CC2)Cc3c(cccc3F)F)C(=O)C(C)C,inactive
decoys,CCn1c2ccccc2c3c1ccc(c3)C[NH+]4CCN(CC4)Cc5ccccc5C,inactive
decoys,Cc1cc2c(cc1C)n(c[nH+]2)CC3CCN(CC3)C(=O)CCC4CCCCC4,inactive
decoys,C[C@@H](c1ccccc1)n2c3ccccc3[nH+]c2[C@H]4CC(=O)N(C4)[C@@H](C)c5ccccc5,inactive
decoys,C[C@@H](C(C)(C)C)[NH+](C)CC(=O)c1cc(sc1Br)Br,inactive
decoys,c1ccc(cc1)CCN2C[C@H]3C[C@H]([NH+]4[C@]3(C2=O)CCC4)c5cnc(s5)c6ccccc6,inactive
decoys,Cc1ccc(cc1)C(=O)[C@H]([C@@H](c2cccs2)[NH+]3CCCCC3)N4CCCCC4,inactive
decoys,Cc1ccc(cc1)C(=O)[C@@H]([C@H](c2cccs2)[NH+]3CCCCC3)N4CCCCC4,inactive
decoys,COc1ccccc1N2CC[NH+](CC2)[C@H]3CCCN(C3)Cc4cc5ccccc5s4,inactive
decoys,c1ccc(cc1)CC2CC[NH+](CC2)CN3c4ccccc4/C(=N/c5ccccc5)/C3=O,inactive
decoys,C[NH+](CC#Cc1ccc(cc1)C#CCN(C)Cc2ccccc2)Cc3ccccc3,inactive
decoys,Cc1ccsc1/C=C\2/C(=O)c3cc4c(c(c3O2)C)OC[NH+](C4)CCc5cccs5,inactive
decoys,Cc1c2ccc3c(c2oc(=O)c1c4ccccc4)C[NH+](CO3)CCc5ccc(cc5)F,inactive
decoys,Cc1ccc(c(c1)/N=C\2/N(C(CS2)(C)C)C(=O)CCC3=c4ccccc4=[NH+]C3)C,inactive
decoys,Cc1ccc(cc1)[C@H]2CC(=NN2C(=O)CSC3=c4ccccc4=[NH+][C@@H]3C)c5cccs5,inactive
decoys,c1ccc2=[NH+]CC(=c2c1)CCCC(=O)N3CCc4c(ccs4)[C@H]3c5cccs5,inactive
decoys,c1ccc(c(c1)[C@H]2[C@H]3C(=c4ccccc4=[NH+]3)CCN2C(=O)CCc5cccs5)Cl,inactive
decoys,CC(C)N1C[C@@H](C(C1=O)(c2ccccc2)c3ccccc3)CC[NH+]4CCCCCC4,inactive
decoys,CC(C)[NH+](CCSc1nc(cc(n1)C(F)(F)F)c2cccs2)C(C)C,inactive
decoys,CC(C)CN(C[C@H]1C[NH+](C[C@@H]1c2ccccc2)Cc3ccsc3)C(=O)c4ccccc4F,inactive
decoys,c1ccc(cc1)/C=C\C[NH+]2CCN(CC2)C(=O)[C@@H](c3ccccc3)Sc4ccccc4,inactive
decoys,c1ccc(cc1)/C=C\C[NH+]2CCN(CC2)C(=O)/C=C/c3ccc(cc3)Br,inactive
decoys,Cc1ccc(s1)[C@@H](C)n2c3ccc(cc3[nH+]c2CCCl)I,inactive
decoys,C[C@@]12CC[C@H]3[C@@H]([C@@H]1CC[C@@H]2OC(=O)CCC4CCCC4)CCC5=CC(=O)CC[C@@]35C,inactive
decoys,c1ccc(cc1)Cc2ccc(cc2)C(=O)OCC(=O)c3ccc(cc3)Br,inactive
decoys,CCOC(=O)CC[C@H](C)[C@@H]1CC[C@@H]2[C@@]1(CC[C@@H]3[C@@H]2CCC4=CC(=O)CC[C@]34C)C,inactive
decoys,CCOC(=O)CC[C@H](C)[C@H]1CC[C@@H]2[C@@]1(CC[C@@H]3[C@@H]2CCC4=CC(=O)CC[C@]34C)C,inactive
decoys,CC(C)CCC(=O)O[C@@H]1CC[C@]2([C@H](C1)CC[C@@H]3[C@@H]2CC[C@]4([C@@H]3CC=C4C(=O)C)C)C,inactive
decoys,CCCCSc1nc2c(c3c(s2)CSC(C3)(C)C)c(=O)n1c4ccccc4,inactive
decoys,Cc1ccc(cc1)S[C@@H]([C@@H](c2ccccc2)C(C#N)C#N)C(=O)c3ccccc3,inactive
decoys,Cc1ccc(cc1Br)C(=O)O[C@H](c2ccccc2)C(=O)c3ccccc3,inactive
decoys,C[C@@H]1CCc2c(sc3c2c(nc(n3)C(C)C)SCC(=O)c4cccs4)C1,inactive
decoys,CC(=CCSC1=NC(=C)C([C@@H]([C@@H]1C#N)c2ccc(cc2)Br)C(=O)C)C,inactive
decoys,Cc1ccc(cc1)N(Cc2ccccc2)S(=O)(=O)c3ccc(cc3)Br,inactive
decoys,Cc1cccc(c1)N(Cc2ccccc2)S(=O)(=O)c3ccc(cc3)Br,inactive
decoys,Cc1ccc(cc1)n2c(=O)c3c(nc2SC/C=C/c4ccccc4)C[C@@H](S3)C,inactive
decoys,CC(C)(C)c1ccc(cc1)C(=O)N2CCN=C2SCc3ccc(cc3)C(F)(F)F,inactive
decoys,Cc1ccc(c(c1)CSc2cn(c3c2cccc3)CC(=O)N4CCC(CC4)C)C,inactive
decoys,Cc1cc(c2c(c1)sc(n2)N(Cc3ccccc3)C(=O)CCc4ccccc4)C,inactive
decoys,C[C@H]1Cc2c(c(=O)n(c(n2)SC/C=C/c3ccccc3)CCc4ccccc4)S1,inactive
decoys,CCOC(=O)c1c2c(c(s1)SCc3c(cccc3Cl)F)C(=O)CC(C2)(C)C,inactive
decoys,Cc1cccc(c1)SCc2nc3ccccc3c(=O)n2c4cccc(c4)C(F)(F)F,inactive
decoys,Cc1cc(c2c(c1)sc(n2)N(Cc3ccccc3)C(=O)CCSc4ccccc4)C,inactive
decoys,C/C(=C\c1ccccc1)/C=C\2/C(=O)N(C(=S)S2)/N=C/C(=C/c3ccccc3)/C,inactive
decoys,c1ccc2cc(ccc2c1)SCC(=O)OCC(=O)c3ccc(s3)Br,inactive
decoys,Cc1cc(nc2c1cccc2)S[C@@H](C)C(=O)N(Cc3ccccc3)Cc4ccccc4,inactive
decoys,C[C@]12CC[C@@H]3[C@@H]([C@@H]1CC[C@@H]2OC(=O)CCC4CCCC4)CCC5=CC(=O)CC[C@]35C,inactive
decoys,C[C@@]12CC[C@@H]3[C@@H]([C@H]1CC[C@H]2OC(=O)CCc4ccccc4)CCC5=CC(=O)CC[C@@H]35,inactive
decoys,CCOc1ccc(cc1)C(=S)N2CCN(CC2)C(c3ccccc3)c4ccccc4,inactive
decoys,Cc1ccc(cc1)/[S@@](=N\S(=O)(=O)c2ccc(cc2)C)/C[C@H]3CC3(Cl)Cl,inactive
decoys,CN(C)c1ccc(cc1)CN2CCc3c(ccs3)[C@H]2c4ccc(cc4)OC(F)(F)F,inactive
decoys,c1ccc(cc1)/C=C/CN2CCN(CC2)C(=O)CC(c3ccccc3)c4ccccc4,inactive
decoys,C[C@]12CC[C@H]3[C@@H]([C@@H]1CC[C@@H]2OC(=O)CCC4CCCC4)CCC5=CC(=O)CC[C@]35C,inactive
decoys,CCC[C@@H](C)C(=O)N1CCN(CC1)[C@H](c2ccccc2)c3ccc(cc3)Br,inactive
decoys,CCCCCCC(=O)O[C@H]1CC[C@@H]2[C@@]1(CC[C@@H]3[C@H]2C=CC4=CC(=O)CC[C@]34C)C,inactive
decoys,CCCCCCC(=O)O[C@H]1CC[C@@H]2[C@@]1(CC[C@@H]3[C@@H]2C=CC4=CC(=O)CC[C@]34C)C,inactive
decoys,Cc1ccc(cc1C)C(=O)COC(=O)C23C[C@H]4C[C@@H](C2)CC(C4)(C3)Br,inactive
decoys,c1ccc(cc1)CN(Cc2ccccc2)/C=N\c3c(c4c(s3)CCCCC4)C#N,inactive
decoys,Cc1ccc(cc1)C(=O)CCSc2c(c(cc(n2)c3cccs3)C(F)(F)F)C#N,inactive
decoys,Cc1cccc(c1)[C@H]2C[C@@H](CN(C2)Cc3cccc(c3)F)C(=O)N(C)Cc4ccccc4,inactive
decoys,c1ccc2c(c1)c(cn2Cc3ccc(cc3)F)[C@H](CC(=O)N4CCCC4)c5cccs5,inactive
decoys,Cc1cccc(c1)S(=O)(=O)N(Cc2ccccc2)c3ccc(cc3)Br,inactive
decoys,c1ccc(c(c1)/C=C/C(=O)N2CCc3c(ccs3)[C@H]2c4cccs4)OC(F)F,inactive
decoys,Cc1ccc(cc1)CN(CC=C)C(=O)c2cc3c(n2Cc4ccccc4)ccs3,inactive
decoys,CC(C)CCC(=O)O[C@@H]1CC[C@@]2([C@@H](C1)CC[C@H]3[C@@H]2CC[C@@]4([C@@H]3CC=C4C(=O)C)C)C,inactive
decoys,CC(C)N1C(=NC(N=C1C2CCCCC2)(C(F)(F)F)C(F)(F)F)c3ccccc3,inactive
decoys,Cc1ccccc1OCCn2cc(c3c2ccc(c3)Br)C(=O)C(F)(F)F,inactive
decoys,c1cc2cccnc2c(c1)SCCC(=O)N(C3CCCCC3)C4CCCCC4,inactive
decoys,c1ccc(cc1)/C=C\CN2CCC[C@@H](C2)N3CCN(CC3)c4cccc(c4)C(F)(F)F,inactive
decoys,CCCCCC[C@@H](c1cc2c(cc1Br)n(c(=O)n2C)C)Br,inactive
decoys,c1ccc(cc1)N2CC[C@H](C2)COC(=O)[C@@H]3C[C@@H]3c4ccc(cc4)Br,inactive
decoys,C=CCSc1nc2ccc(cc2s1)/N=C/c3ccc(o3)I,inactive
decoys,CCN(CC)c1ccc(cc1)N2C(=O)/C(=C\C(=C\c3ccccc3)\C)/SC2=S,inactive
decoys,c1ccc(cc1)/C=C/C[NH+]2CCN(CC2)C(=O)C(c3ccccc3)c4ccccc4,inactive
decoys,c1ccc(cc1)C(c2ccccc2)C(=O)N3CC[NH+](CC3)C4CCCCCC4,inactive
decoys,Cc1cc(c(c([nH+]1)SCC(=O)C23CC4CC(C2)CC(C4)C3)C#N)C(F)(F)F,inactive
decoys,CN(Cc1ccccc1)C(=O)[C@@H]2CCC[NH+](C2)Cc3cccc4c3cccc4,inactive
decoys,C[C@@H]1CCC[C@@H](C1)[NH+]2CCC[C@@H](C2)C(=O)N3CCC(CC3)Cc4ccccc4,inactive
decoys,CCCCC1=C[C@H](C(O1)(c2ccccc2)c3ccccc3)[NH+]4CCOCC4,inactive
decoys,Cc1ccc(cc1)[C@@H]2[C@H]([C@@H](C[NH+]2C)C(=O)c3ccccc3)C(=O)c4ccccc4,inactive
decoys,C[NH+](C)CCCn1c2c(c(=S)nc1c3ccc(cc3)Br)CCCC2,inactive
decoys,CC(C)c1ccc(cc1)C[NH+]2CCC[C@]3(C2)CCN(C3)C(=O)CCC=C,inactive
decoys,CN([C@H](Cc1ccccc1)C2CC[NH+](CC2)[C@@H]3CCSC3)C(=O)c4cccs4,inactive
decoys,Cc1ccc(c(c1)C)C(=O)N(C)C[C@H]2CCC[NH+](C2)CCc3ccccc3F,inactive
decoys,CC(=C)[C@H]1CCC(=CC1)C[NH+]2CCC3(CCC(=O)N3Cc4ccccc4F)CC2,inactive
decoys,Cc1ccccc1CC[NH+]2CCC[C@@H](C2)CN(C)C(=O)C3(CCCCC3)C,inactive
decoys,CC1=C(C(CCC1)(C)C)CC[NH+]2CCC(CC2)CCC(=O)N3CCCC3,inactive
decoys,CC[C@H]1CCCCN1C(=O)CSc2c3ccccc3[nH+]c4c2CCC4,inactive
decoys,c1ccc2c(c1)CC(C2)[NH+]3CC[C@H]4[C@@H](C3)CCC(=O)N4CCC5CCCCC5,inactive
decoys,c1ccc(cc1)C[NH+]2[C@@H]([C@]23CCC/C(=C\c4ccccc4)/C3=O)c5ccccc5,inactive
decoys,c1cc(sc1)C(=O)N2C[C@@H]3CCCC[NH+]([C@@H]3C2)CCc4ccc(cc4)F,inactive
decoys,c1ccc(cc1)C2CCC(CC2)[NH+]3CCN(CC3)Cc4ccccc4F,inactive
decoys,CCC(=O)N1C[C@@H]([C@@H]2[C@H]1CC[NH+](C2)Cc3cccc(c3)C)c4ccc(cc4)F,inactive
decoys,c1ccc2c(c1)cccc2CC(=O)N3CCCC[C@H]3CC[NH+]4CCCCC4,inactive
decoys,c1cc(ccc1C(=O)N2CCCC[C@@H]2CC[NH+]3CCCCCC3)Br,inactive
decoys,CCCCC(=O)N1CC[NH+](CC1)[C@@H](c2ccccc2)c3ccc(cc3)C,inactive
decoys,CCC(CC)C(=O)N1CC[NH+](CC1)[C@@H](c2ccccc2)c3ccc(cc3)C,inactive
decoys,CCCCC(=O)N1CC[NH+](CC1)[C@@H](c2ccccc2)c3ccc(cc3)Br,inactive
decoys,Cc1c2ccccc2[nH+]c(c1CC(=O)N(C)Cc3ccc(cc3)C(F)(F)F)C,inactive
decoys,C1CCC(CC1)CC[NH+]2CCC[C@]3(C2)CCN(C3)C(=O)CCC(F)(F)F,inactive
decoys,c1cc(cc(c1)C(F)(F)F)[C@H]2CN(C[C@@H]2C[NH+]3CCCC3)C(=O)C4CCCC4,inactive
decoys,C[C@@]1(CC1(Cl)Cl)C(=O)N2CC[NH+](CC2)C(c3ccccc3)c4ccccc4,inactive
decoys,Cc1cc(cc(c1)C(=O)N(CCc2ccccc2)C3=C[C@@H]4CC[C@H](C3)[NH+]4C)C,inactive
decoys,Cc1nc2ccccc2n1CC3CC[NH+](CC3)Cc4ccc(cc4)Br,inactive
decoys,CC(C)(C)C(=O)N1C[C@@H]([C@@H]2[C@H]1CC[NH+](C2)Cc3ccccc3)c4ccsc4,inactive
decoys,C[NH+](C)c1ccccc1C(c2ccccc2N(C)C)c3ccccc3N(C)C,inactive
decoys,c1ccc(cc1)C(c2ccccc2)[NH+]3CCN(CC3)C(=O)CSc4ccccc4,inactive
decoys,CC(=CC[NH+]1CC[C@H]2[C@@H](C1)CCC(=O)N2Cc3cccc(c3)C(F)(F)F)C,inactive
decoys,c1ccc(cc1)C[NH+]2CCCC[C@@H]2c3ccc(nc3)SC4CCCCC4,inactive
decoys,c1cc(cc(c1)F)Cc2cccc([nH+]2)[C@@H]3CCCN(C3)C(=O)C4CCCC4,inactive
decoys,Cc1cccc(c1)Cc2cc([nH+]c(c2)[C@@H]3CCCN(C3)C(=O)C(C)C)C,inactive
decoys,c1cc2c(cc1Br)n(c([nH+]2)CCCl)C[C@H]3C[C@H]4CC[C@@H]3C4,inactive
decoys,CC[C@H]1CCC[C@H](C1)n2c3cc(ccc3[nH+]c2CCCl)Br,inactive
decoys,C[C@H](Cc1ccccc1OC)[NH+](C)C[C@@H](CBr)C(C)(C)C,inactive
decoys,C[C@H](Cc1ccccc1OC)[NH+](C)Cc2c(ccs2)Br,inactive
decoys,Cc1cccc(c1C)N2CC[NH+](CC2)CC[C@H](C)CCBr,inactive
decoys,Cc1ccc(cn1)CCn2c3ccccc3c4c2CC[NH+](C4)C5CCCCC5,inactive
decoys,CCCC[NH+]1CCc2c(c3cc(ccc3n2CCc4ccc(nc4)C)C)C1,inactive
decoys,c1ccc(cc1)C[C@H]2C[NH+](CCN2C(=O)C3(CCCC3)c4cccs4)C5CC5,inactive
decoys,CC[C@@H](C)C[C@H](C)n1c2c(cc(cn2)Br)[nH+]c1[C@@H](C)Cl,inactive
decoys,C[C@@H](Cc1cccs1)[NH+](C)CC(=O)c2cc(sc2Cl)Cl,inactive
decoys,C[C@H](C(=O)c1ccc(cc1)Br)[NH+](CC(C)C)C2CCCC2,inactive
decoys,c1ccc(cc1)[C@@H]2CC[C@@H](C[NH+]2Cc3cccc(c3)Cl)C(=O)N4CCSCC4,inactive
decoys,Cc1cccc(c1)Cn2cc(c3c2cccc3)SCC(=O)N4CCCCC4,inactive
decoys,CC(C)CCC(=O)O[C@@H]1CC[C@@H]2[C@@]1(CC[C@@H]3[C@@H]2CCC4=CC(=O)CC[C@@]34C)C,inactive
decoys,C[C@H](C(=O)OC1CCCC1)Oc2ccc(cc2Br)Br,inactive
decoys,Cc1ccc2cc(c(nc2c1C)Cl)CN(Cc3cccs3)C(=O)C4CC4,inactive
decoys,CC[C@@]1(C[C@@](CCO1)(CCN(Cc2ccccc2F)C(=O)C)c3ccccc3)C,inactive
decoys,CC(C)c1ccc(c(c1)Br)OCC(=O)N(C)c2ccccc2,inactive
decoys,c1ccc(c(c1)CSc2c3c(n(c(=O)n2)Cc4cccs4)CCCC3)F,inactive
decoys,Cn1c(nnc1SCc2ccc(cc2)Br)Cc3cccs3,inactive
decoys,CCCCCCN1C(=O)/C(=C\C2=Cc3ccccc3O[C@@H]2C)/SC1=S,inactive
decoys,c1ccc(cc1)c2csc3c2c(ncn3)SCCCC(=O)c4ccccc4,inactive
decoys,c1ccc(cc1)[C@H](C(=O)c2ccccc2)Sc3c4ccsc4ncn3,inactive
decoys,c1cc(ccc1/C=C/C(=O)OCC(=O)c2ccc(s2)Cl)Br,inactive
decoys,Cc1ccc(cc1C)C(=O)[C@@H](C)Sc2nn(c(=S)s2)c3ccccc3,inactive
decoys,Cc1ccc(cc1C)C(=O)[C@H](C)Sc2nn(c(=S)s2)c3ccccc3,inactive
decoys,CCOc1cc(c(cc1C(C)C)/C=C/2\C(=O)N(C(=S)S2)c3ccccc3)C,inactive
decoys,CN(Cc1ccc(s1)Cl)C(=O)COc2ccccc2c3ccccc3,inactive
decoys,c1cc(sc1)c2cc(c(c(n2)SCc3ccc(cc3)C#N)C#N)C(F)(F)F,inactive
decoys,Cc1ccc2c(c1)sc(n2)N(Cc3ccccc3)C(=O)Cc4cccs4,inactive
decoys,CCOc1ccc(cc1OCC)/C=C(/C#N)\c2ccc(cc2)Br,inactive
decoys,c1ccc(cc1)COc2ccc(cc2)[C@@H]3N(C(=O)CS3)c4ccc(cc4)F,inactive
decoys,c1ccc(cc1)N2CCN(CC2)[C@H]3CCCN(C3)C/C=C/c4ccc(cc4)F,inactive
decoys,c1ccc(c(c1)CN(C2CC2)C(=O)CCc3ccc(o3)c4ccccc4F)F,inactive
decoys,Cc1ccc(cc1)[C@H](c2ccccc2)N3CCN(CC3)C(=O)CCC4CCCC4,inactive
decoys,Cc1ccc(cc1)S(=O)(=O)N2CCC(CC2)Cc3ccc(cc3)C(F)(F)F,inactive
decoys,Cc1cccc(c1)CSCC(=O)N(c2ccccc2)c3nc(cs3)C,inactive
decoys,C=CCN(Cc1cccs1)C(=O)c2cc3c(s2)-c4ccccc4OC3,inactive
decoys,CN(Cc1ccccc1OC(F)(F)F)C(=O)C23CC4CC(C2)CC(C4)C3,inactive
decoys,Cn1cccc1[C@@H]2CCCCCN2C(=O)CC(c3ccccc3)c4ccccc4,inactive
decoys,Cc1ccc(cc1)Cn2c3cc(sc3cc2C(=O)N(C)Cc4ccccc4)C,inactive
decoys,CCC(=O)N(CC[C@@]1(CCOC(C1)(C)C)C(C)C)[C@H](C)c2cccs2,inactive
decoys,Cc1ccccc1CSc2cn(c3c2cccc3)CC(=O)N4CCCCCC4,inactive
decoys,Cc1ccc(cc1)CSc2cn(c3c2cccc3)CC(=O)N4CCCCC4,inactive
decoys,CCC(CC)N(CC(F)(F)F)S(=O)(=O)c1ccc(cc1)Br,inactive
decoys,Cc1ccc(cc1)[C@H]2[C@@H]([C@@H](CN2C)C(=O)c3ccccc3)C(=O)c4ccccc4,inactive
decoys,c1ccc(cc1)COC[C@@H]2CCCN(C2)C(=O)C3(CCCC3)c4cccs4,inactive
decoys,C[C@@H]1C[C@@H](CC(C1)(C)C)OC[C@@H](CN2CCN(CC2)c3ccc(cc3)F)S,inactive
decoys,c1ccc(c(c1)/C=C/C(=O)c2ccc(cc2)Br)OCc3cccnc3,inactive
decoys,Cc1ccc(cc1)C(=O)C2CCN(CC2)C(=O)C(c3ccccc3)c4ccccc4,inactive
decoys,c1ccc(cc1)[C@H]2CN(CCO2)C(=O)[C@H](c3ccccc3)Sc4ccccc4,inactive
decoys,C[C@H](CC(=O)N1CCN(CC1)C/C=C/c2ccccc2)c3ccc(cc3)F,inactive
decoys,CCCN([C@@H]1CCc2ccccc2C1)C(=O)c3csc(n3)c4ccsc4,inactive
decoys,CN(CC1CCCCC1)S(=O)(=O)c2ccc(cc2Br)CCl,inactive
decoys,C[C@@H](CCCC(C)C)n1c2c(cc(cn2)Br)nc1[C@H](C)Cl,inactive
decoys,CCCCN([C@@H](C)CC)S(=O)(=O)c1cc(c(s1)Br)C,inactive
decoys,CCN(Cc1ccccc1)C(=O)C2CCN(CC2)C/C(=C\c3ccccc3)/C,inactive
decoys,c1ccc(cc1)CCCSCc2nnc(o2)c3ccccc3Br,inactive
decoys,CCCCN1C(=O)/C(=C/C=C/2\N(c3ccc(cc3S2)C)CC)/SC1=S,inactive
decoys,Cc1ccccc1CSCc2csc(n2)N(c3ccccc3F)C(=O)C,inactive
decoys,CCCc1ccc(cc1)S(=O)(=O)N2CC[C@H](SCC2)c3ccccc3,inactive
decoys,Cc1ccc(cc1)C[C@H]2CC(=O)N(C2=O)CCC34CC5CC(C3)CC(C5)C4,inactive
decoys,C[C@@H](C(=O)NC(=O)N)Sc1[nH+]c(c2c3c(sc2n1)CCCCC3)N,inactive
decoys,CC1(CC2=C([C@H](c3c(nc([nH+]c3N2)N)N)c4ccc(cc4)Cl)C(=O)C1)C,inactive
decoys,c1cc(c(cc1NC(=O)C2(CCCCC2)[NH3+])C(=O)N)Cl,inactive
decoys,CCC[C@](C)(C(=O)Nc1cc2c(cc1Br)[nH]c(=O)[nH]2)[NH3+],inactive
decoys,c1cc(c(cc1N[C@H]2CCCC[C@H]2[NH3+])C(F)(F)F)C(=O)N,inactive
decoys,c1cc(c(cc1C(F)(F)F)C(=O)N)N[C@H]2CCCC[C@@H]2[NH3+],inactive
decoys,Cc1cc([nH+]c(c1C(=S)N)Nc2ccc(cc2)C(=O)N)C,inactive
decoys,CC(C)c1ccc(cc1)Nc2c(c([nH+]cn2)Nc3ccc(cc3)NC(=O)C)N,inactive
decoys,Cc1ccccc1Nc2c(c(nc[nH+]2)NNc3ccccc3)N,inactive
decoys,c1ccc(cc1)NNc2c(c(nc[nH+]2)NC3CCCCCC3)N,inactive
decoys,CC1(CC(CC([NH2+]1)(C)C)Nc2c(c(ncn2)Nc3ccccc3F)N)C,inactive
decoys,CC1(CC(CC([NH2+]1)(C)C)Nc2c(c(ncn2)Nc3cccc4c3cccn4)N)C,inactive
decoys,CC1(CC(CC([NH2+]1)(C)C)Nc2c(c(ncn2)NC3CCCC3)N)C,inactive
decoys,CC[C@H](C)Nc1c(c(ncn1)NC2CC([NH2+]C(C2)(C)C)(C)C)N,inactive
decoys,Cc1ccc(cc1)C(=O)NNc2c(c(nc[nH+]2)NC34CC5CC(C3)CC(C5)C4)N,inactive
decoys,Cc1ccc2c(c1)sc(n2)Nc3c(c([nH+]cn3)NN)N,inactive
decoys,Cc1c\2c(oc1C(=O)Nc3ccccc3Br)CCC/C2=N\NC(=[NH2+])N,inactive
decoys,CC[C@@H]([C@H](c1ccc(cc1)Br)Sc2nc(cc(n2)N)N)[NH3+],inactive
decoys,CC[C@@H]([C@@H](c1ccc(cc1)Br)Sc2[nH]c(=O)cc(n2)N)[NH3+],inactive
decoys,CC[C@@H]([C@@H](c1ccc(s1)C)Sc2[nH]c(=O)cc(n2)N)[NH3+],inactive
decoys,C[C@@H]([C@@H](c1cc(cs1)Br)Sc2nc(cc(n2)N)N)[NH3+],inactive
decoys,CC1(CC(CC([NH2+]1)(C)C)NC(=O)Nc2ccccc2SCC(=O)N)C,inactive
decoys,C[C@H](C(=O)Nc1ccc(cc1)[NH2+]C2CCCCC2)NC(=O)N,inactive
decoys,CC1(CC(CC([NH2+]1)(C)C)NC(=O)NNC(=O)c2c[nH]c3c2cccc3)C,inactive
decoys,Cc1ccc(s1)C[C@@H](C)Nc2ccc(cc2C(=O)N)[NH3+],inactive
decoys,Cc1ccc(c(c1Cl)NC(=O)CS/C(=[NH+]/N)/N)Cl,inactive
decoys,c1cc(c(cc1Br)Cl)Nc2cc(nc([nH+]2)N)NN,inactive
decoys,c1cc2c(c(c1)Cl)c(c(s2)C(=O)N[C@H]3CCCC[C@H]3[NH3+])N,inactive
decoys,c1ccc(c(c1)N[C@H]2CCCC[C@H]2C[NH3+])SCC(=O)N,inactive
decoys,c1c2c(cc(c1N[C@H]3CCCC[C@@H]3C[NH3+])Br)[nH]c(=O)[nH]2,inactive
decoys,c1cc(c(cc1S(=O)(=O)N)Br)N[C@H]2CCCC[C@@H]2C[NH3+],inactive
decoys,c1c2c(cc(c1N[C@H]3CCC[C@H]3C[NH3+])Br)[nH]c(=O)[nH]2,inactive
decoys,c1cc(c(cc1S(=O)(=O)N)Br)N[C@H]2CCC[C@H]2C[NH3+],inactive
decoys,c1cc(ccc1NC(=O)C[C@@H]2CSCC[NH2+]2)NC(=O)N,inactive
decoys,c1cc(ccc1N[C@H]2CCC[C@H]2[C@@H]3CCC[NH2+]3)NC(=O)N,inactive
decoys,c1cc2c(cc1[NH3+])CC[C@@H]2Nc3ccc(c(c3)Cl)C(=O)N,inactive
decoys,c1cc(c(cc1Br)F)Nc2ccc(c([nH+]2)N)N,inactive
decoys,C[C@@]12CC3C[C@@](C1)(CC(C3)(C2)Nc4ccc(c([nH+]4)N)N)C,inactive
decoys,Cc1cc(c([nH+]c1)N)[C@H](C23CC4CC(C2)CC(C4)C3)NN,inactive
decoys,c1ccc(c(c1)[C@H](Cc2cccc(c2Br)F)N[NH3+])N,inactive
decoys,c1ccc(c(c1)[C@@H](Cc2cc(cc(c2)Br)F)[NH2+]N)N,inactive
decoys,Cc1cc(c([nH+]c1)N)[C@H](C2CCC(CC2)C(C)(C)C)NN,inactive
decoys,Cc1cc(c([nH+]c1)N)[C@@H](CSc2ccccc2Br)NN,inactive
decoys,CCOc1ccccc1[C@@H](c2cc(ccc2N)Br)N[NH3+],inactive
decoys,c1cc(cc(c1)[C@H](c2cc(ccc2N)Br)N[NH3+])C3CCC3,inactive
decoys,c1cc(c(cc1Br)[C@@H]([C@@H]2CCO[C@@]3(C2)CCSC3)[NH2+]N)N,inactive
decoys,CC[C@@H]1CCCC[C@@H]1[C@@H](c2cc(ccc2N)Br)[NH2+]N,inactive
decoys,c1cc(c(cc1Br)[C@H](c2cc(cc(c2)F)F)N[NH3+])N,inactive
decoys,c1ccc2c(c1)C[C@@H]2C[C@@H](c3cc(ccc3N)Br)N[NH3+],inactive
decoys,c1cc(c(cc1Br)[C@@H]([C@@H]2CCOC3(C2)CCC3)N[NH3+])N,inactive
decoys,c1ccc\2c(c1)[C@H]3[C@H](/C2=N\NC(=S)N)Nc4ccccc4N3,inactive
decoys,C/C(=N/N)/[C@@]1(CC[C@@H]2[C@]1(CC[C@@H]3[C@@H]2CCC4=C/C(=N/N)/CC[C@@]34C)C)O,inactive
decoys,CC(C)[C@H](C(=O)NNC(=O)c1cc2c(s1)CCCCCC2)NC(=O)N,inactive
decoys,C[C@H](C(=O)N)Nc1c2cc(ccc2ncc1N)Br,inactive
decoys,CC(C)c1ccc(cc1)Nc2ccc(cc2N)S(=O)(=O)N,inactive
decoys,[H]/N=C(/N)\N/N=C/1\CC(Cc2c1c(c(o2)C(=O)Nc3ccccc3)C)(C)C,inactive
decoys,CC1=C[C@@]2(C(=C(O1)N)C(=O)N)Nc3cc(ccc3O2)C(C)C,inactive
decoys,Cc1ccc(cc1)C(=O)NNc2c(c(ncn2)Nc3ccc(cc3C)Cl)N,inactive
decoys,Cc1ccc(c(c1)Nc2c(c([nH+]cn2)Nc3ccc(cc3)C(=O)[O-])N)C,inactive
decoys,Cc1ccc([nH+]c1)Nc2c(c(nc[nH+]2)NNc3ccccc3)N,inactive
decoys,Cc1ccc([nH+]c1)Nc2c(c(nc[nH+]2)N[C@H](C)c3ccccc3)N,inactive
decoys,c1cc[nH+]c(c1)Nc2c(c(nc[nH+]2)NC3CCCCCC3)N,inactive
decoys,Cc1ccc([nH+]c1)Nc2c(c(nc[nH+]2)Nc3nc(c(s3)C)C)N,inactive
decoys,c1ccc2c(c1)cccc2C(=O)NNc3c(c(ncn3)NC4CCCC4)N,inactive
decoys,c1cc(ccc1Nc2cc(c(cc2F)N)C(=O)N)I,inactive
decoys,C[C@H](C1CCCCC1)Nc2ccc(cc2N)S(=O)(=O)N,inactive
decoys,Cc1ccc[nH+]c1Nc2c(c(nc[nH+]2)N3CCN(CC3)Cc4ccccc4)N,inactive
decoys,c1cc(c(cc1S(=O)(=O)N)N)Nc2cc(ccc2Cl)Br,inactive
decoys,c1cc(ccc1Nc2ccc(c(c2)Cl)C(=S)N)S(=O)(=O)N,inactive
decoys,C[C@H]1C[C@](CC(C1)(C)C)(C[NH3+])[NH+](C)CC2CC[NH+](CC2)C,inactive
decoys,c1cc(c(cc1C(=O)Nc2ccc(c(c2)Cl)C(=O)N)Br)N,inactive
decoys,Cc1ccc[nH+]c1Nc2cccc([nH+]2)[C@@H]3CCCN3Cc4[nH]cc[nH+]4,inactive
decoys,c1ccc(cc1)Nc2nc(nc(n2)NN)NC3CCCCC3,inactive
decoys,C[C@H](CNC(=O)NC1CC([NH2+]C(C1)(C)C)(C)C)[NH+](C)c2ccccc2,inactive
decoys,c1cc(c(cc1NC(=O)N[C@@H](C2CC2)/C(=N\O)/N)Cl)Cl,inactive
decoys,CC[C@H]1CC[C@@H]([C@@H]1C)Nc2cc(cc(c2)S(=O)(=O)N)N,inactive
decoys,CC(C)[C@H]1CCC[C@](CC1)(C[NH3+])[NH+](C)C2CC[NH+](CC2)C,inactive
decoys,c1cc(ccc1Nc2c/c(=N/N)/[nH]c(n2)N)I,inactive
decoys,Cc1cc(cc(c1Nc2cc(ccc2N)C(=O)N)C)Br,inactive
decoys,C[C@H]1CCCCC[C@H]1Nc2cc(cc(c2)S(=O)(=O)N)N,inactive
decoys,Cc1cc[nH+]c(c1[C@H]([C@]2(CCC[C@@H](C2)C)[NH+](C)C)[NH2+]C)N,inactive
decoys,CCC1CCC(CC1)(C[NH3+])[C@H](c2ccc(cc2)[NH+](C)C)O,inactive
decoys,CCC1CCC(CC1)Nc2ccc(c(c2)N)S(=O)(=O)N,inactive
decoys,CC[C@@H]1CC[C@@H]([C@@H]1C)Nc2ccc(c(c2)N)S(=O)(=O)N,inactive
decoys,CC[NH+]1CCC[C@@H]1C[NH2+][C@@H]2CCCC[C@@H]2[C@@H]3CCCC[NH2+]3,inactive
decoys,CC1(CCCC[C@@H]1Nc2cc(cc(c2)S(=O)(=O)N)N)C,inactive
decoys,Cc1c(cc(cc1S(=O)(=O)N)N)NCCC2CCCCC2,inactive
decoys,CC[C@@H]1CCC[C@H](C1)Nc2cc(cc(c2C)S(=O)(=O)N)N,inactive
decoys,CC[C@@H]1CC[C@@H]([C@@H]1C)Nc2cc(cc(c2C)S(=O)(=O)N)N,inactive
decoys,Cc1c(cc(cc1S(=O)(=O)N)N)N[C@@H]2CCCCC2(C)C,inactive
decoys,C[NH+](C)C1(CCCCC1)[C@H](Cc2c(cccc2F)F)N[NH3+],inactive
decoys,CCC1CCC(CC1)[C@H]([C@]2(CCC[C@@H](C2)C)[NH+](C)C)N[NH3+],inactive
decoys,Cc1ccc2c(c1)cc(o2)[C@@H](c3cc(ccc3N)Br)NN,inactive
decoys,c1cc(c(cc1Br)[C@@H](c2cc(ccc2F)Br)NN)N,inactive
decoys,CC1(C[C@@H](C(O1)(C)C)[C@H](c2cc(ccc2N)Br)NN)C,inactive
decoys,Cc1cc(c(c(c1)C)C[C@@H](c2cc(ccc2N)Br)NN)C,inactive
decoys,c1ccc2c(c1)cc(o2)[C@@H](c3cc(ccc3N)Br)NN,inactive
decoys,CC[C@@H]1CCC[C@H](C1)[C@@H](c2cc(ccc2N)Br)NN,inactive
decoys,CC1CCC(CC1)[C@H](c2cc(ccc2N)C(F)(F)F)NN,inactive
decoys,C[NH+](C)c1ccc(cc1)[C@H](Cc2cccc(c2Br)F)N[NH3+],inactive
decoys,c1ccc(cc1)Nc2nc(nc(n2)N)C[NH+]3CCC[C@@H]3C(=O)N,inactive
decoys,CCC[C@@](C)(C(=O)N[C@H](C)c1ccc(cc1)S(=O)(=O)N)[NH3+],inactive
decoys,Cc1cc(ccc1NC(=O)[C@@H](CC(=O)N)[NH3+])N2CCCC2,inactive
decoys,C1CC[C@H]([C@@H](C1)C(F)(F)F)NC(=O)[C@@H](CC(=O)N)[NH3+],inactive
decoys,CC1=C[C@@H](N=N1)[C@H]2NN[C@@H](N2[NH3+])SCC(=O)Nc3ccc(cc3)Br,inactive
decoys,Cc1cc(c(c(c1)Cl)NC(=O)CS[C@@H]2NN[C@@H](N2[NH3+])[C@@H]3C=C(N=N3)C)C,inactive
decoys,c1ccc(cc1)C2=C[C@@H](N=N2)[C@@H]3NN[C@@H](N3[NH3+])SCC(=O)NC4CCCCC4,inactive
decoys,Cc1cc(c(c(c1)C)NC(=O)CS[C@@H]2NN[C@H](N2[NH3+])[C@@H]3C=C(N=N3)C)C,inactive
decoys,Cc1cccc(c1NC(=O)CS[C@@H]2NN[C@@H](N2[NH3+])[C@@H]3C=C(N=N3)C)C(C)C,inactive
decoys,Cc1c(cccc1Cl)NC(=O)CS[C@@H]2NN[C@H](N2[NH3+])[C@@H]3C=C(N=N3)C,inactive
decoys,CC(C)c1ccc2c(c(sc2[nH+]1)C(=O)NCCc3ccc(cc3)S(=O)(=O)N)N,inactive
decoys,Cc1c\2c(oc1C(=O)NCC=C)CC(C/C2=N\NC(=[NH2+])N)(C)C,inactive
decoys,Cc1c\2c(oc1C(=O)Nc3nc(c(s3)C)C)CC(C/C2=N\NC(=[NH2+])N)(C)C,inactive
decoys,Cc1c(cc(s1)C(=O)Nc2ccccc2S(=O)(=O)N)[NH3+],inactive
decoys,Cc1cc[nH+]c(c1)Nc2c(c([nH+]cn2)Nc3ccc(cc3)C(=O)[O-])N,inactive
decoys,Cc1ccc2c(c1)sc(n2)Nc3c(c(ncn3)NC4CC([NH2+]C(C4)(C)C)(C)C)N,inactive
decoys,c1cc[nH+]c(c1)Nc2c(c(ncn2)NNC(=O)c3ccc(cc3)Br)N,inactive
decoys,c1ccc(cc1)C(=O)NNc2c(c(ncn2)Nc3cccc4c3ccc[nH+]4)N,inactive
decoys,c1cc2c(ccc[nH+]2)c(c1)Nc3c(c(ncn3)NNC(=O)c4ccc(cc4)Cl)N,inactive
decoys,Cc1ccc(cc1)C(=O)NNc2c(c(ncn2)Nc3[nH+]c(c(s3)C)C)N,inactive
decoys,C[C@H]([C@H](c1cccs1)Sc2[nH]c(=O)cc(n2)N)[NH3+],inactive
decoys,Cc1ccc(o1)[C@H]([C@@H](C)[NH3+])Sc2[nH]c(=O)cc(n2)N,inactive
decoys,CC(C)[C@@H](C[NH+](C)C)Nc1cc(cc(c1)S(=O)(=O)N)N,inactive
decoys,c1cc(c(cc1S(=O)(=O)N)N)N[C@@H]2CC[NH+]3[C@@H]2CCCC3,inactive
decoys,c1c(cc(cc1N[C@@H]2CC[NH+]3[C@@H]2CCCC3)S(=O)(=O)N)N,inactive
decoys,c1ccc2c(c1)c(c[nH]2)[C@H]3NC(=[NH2+])N[C@@H]4N3c5cc6c(cc5N4)OCCCO6,inactive
decoys,c1cc(nc(c1Cl)C[NH+]2CCCC[C@@H]2C(=O)N)NN,inactive
decoys,C[C@@H]1CCC[C@@](C1)(C[NH3+])Nc2ccc(cc2F)S(=O)(=O)N,inactive
decoys,C[C@H]1CCC[C@@](C1)(CO)[NH2+]Cc2cccc(c2)/C(=N/O)/N,inactive
decoys,CCc1[nH]cc(n1)S(=O)(=O)N[C@@H](C2CCCCC2)C(=[NH2+])N,inactive
decoys,CCc1[nH]c(cn1)S(=O)(=O)N[C@@H](C2CCCCC2)C(=[NH2+])N,inactive
decoys,Cc1cc(ccc1NC(=O)[C@@]2(CCC[C@H](C2)C)[NH3+])C(=O)N,inactive
decoys,c1c2c(cc(c1NC(=O)[C@@H]3CCCC[C@@H]3[NH3+])Br)[nH]c(=O)[nH]2,inactive
decoys,Cc1cc(ccc1C(=O)N)NC(=O)NCc2csc([nH+]2)NC,inactive
decoys,C[C@H]1CCC[C@@](C1)(C[NH2+]Cc2ccc(cc2)/C(=N/O)/N)O,inactive
decoys,c1cc(c(cc1N[C@@H](C[NH3+])C2CC2)C(F)(F)F)C(=O)N,inactive
decoys,c1cc(c(cc1NC(=O)[C@H]2CCCC[C@H]2C[NH3+])Cl)C(=O)N,inactive
decoys,C[C@@H](CC[NH+](C)C)Nc1ccc(c(c1)N)S(=O)(=O)N,inactive
decoys,c1ccc2c(c1)[nH]c(n2)S[C@@H]3CCC[C@@](C3)(C(=O)N)[NH3+],inactive
decoys,CC[C@@](C)(C(=O)Nc1ccc(cc1Br)S(=O)(=O)N)[NH3+],inactive
decoys,Cc1c(cc(cc1S(=O)(=O)N)N)N[C@@H]2CC[NH+](C2)C3CC3,inactive
decoys,c1cc2c(cc1S(=O)(=O)NCC3(CCCCC3)[NH3+])c(=O)[nH]c(=O)[nH]2,inactive
decoys,c1ccc2c(c1)[C@@H](CCO2)C[C@@H](c3ccccc3N)N[NH3+],inactive
decoys,c1ccc2c(c1)CCC[C@@H]2[C@@H](Cc3ccc[nH+]c3N)NN,inactive
decoys,Cc1cc[nH+]c(c1[C@@H]([C@H]2Cc3ccccc3OC2)NN)N,inactive
decoys,c1ccc(c(c1)SC[C@H](c2ccc[nH+]c2N)NN)Br,inactive
decoys,Cc1cc(c([nH+]c1)N)[C@@H](c2cc(cc(c2)Br)F)NN,inactive
decoys,Cc1cc(c([nH+]c1)N)[C@H](c2cc(cc(c2)Br)F)NN,inactive
decoys,CS(=O)(=O)[C@@H]1CCC[C@@H](C1)[C@@H](c2cc(ccc2N)Br)N[NH3+],inactive
decoys,c1cc(c(cc1C(F)(F)F)[C@H](C2CCOCC2)[NH2+]N)N,inactive
decoys,C[C@@H](CCC(=O)NN)[C@@H]1CC[C@@H]2[C@@]1(CC[C@@H]3[C@@H]2[C@@H](C[C@@H]4[C@@]3(CC[C@@H](C4)O)C)O)C,inactive
decoys,Cc1cc(c2c(c1)occ(c2=[NH+][NH3+])c3csc(n3)C)O,inactive
decoys,c1ccc(c(c1)NC(=O)[C@@H](CC(=O)N)N)SC(F)(F)F,inactive
decoys,C[C@@H](c1ccccc1Br)NC(=O)[C@H](CC(=O)N)N,inactive
decoys,c1c(cc(cc1NCCC2CCCCC2)S(=O)(=O)N)N,inactive
decoys,c1c(cc(c(c1N)Cl)Cl)C(=O)NCCCC(=O)N,inactive
decoys,c1cc2c(cc1Br)c(c(cn2)N)Sc3[nH]c(=O)cc(n3)N,inactive
decoys,c1cc(sc1[C@H](CN)Sc2[nH]c(=O)cc(n2)N)Br,inactive
decoys,c1c(csc1[C@H](CN)Sc2[nH]c(=O)cc(n2)N)Br,inactive
decoys,C[C@@H](c1ccsc1)Nc2ccc(cc2N)S(=O)(=O)N,inactive
decoys,C[C@H]1C[C@](CC(C1)(C)C)(C[NH3+])[NH+]2CCC[C@@H]2C[NH+](C)C,inactive
decoys,C[C@H]1CN[C@H](C[NH2+]1)C(=O)NCCC[NH+](C)c2ccccc2,inactive
decoys,C[C@H]1CCC[C@H]([C@@H]1C)Nc2cc(cc(c2)C(=O)N)C(=O)N,inactive
decoys,c1csc(c1CSc2cc(cc(c2)F)N)C(=O)NN,inactive
decoys,c1cc(c(cc1S(=O)(=O)N)N)NCc2cc(cs2)Br,inactive
decoys,C[C@]12CC[C@H](C1)C([C@H]2NC(=O)c3cc(cc(c3)N)N)(C)C,inactive
decoys,C[C@H]1CCC[C@](C1)(C(=O)Nc2ccccc2CC(=O)N)N,inactive
decoys,CC1CCC(CC1)[NH+](C)[C@]2(CCC[NH+](CC2)C(C)C)C[NH3+],inactive
decoys,c1c(c(cc(c1Cl)Cl)Cl)NC(=O)CS/C(=N\N)/N,inactive
decoys,c1c(cc(cc1NC(=O)[C@@H](CC(=O)N)N)Br)C(F)(F)F,inactive
decoys,c1ccc(cc1)C[C@H]([C@H](CSc2ccccc2N)O)N,inactive
decoys,Cc1cc(ccc1NC(=O)[C@@H]2CCCC[C@@H]2C[NH3+])[NH+](C)C,inactive
decoys,c1c(cc(cc1C(=O)N)NCC2CCCCCC2)C(=O)N,inactive
decoys,C[C@@H](CSCc1c2c(cccc2sc1C(=O)NN)F)N,inactive
decoys,CC1(CCC(CC1)(C[NH3+])[C@@H](c2ccc(cc2)[NH+](C)C)O)C,inactive
decoys,c1cc(c(cc1SCc2cc(co2)C(=O)NN)F)N,inactive
decoys,c1cc(c(cc1SCc2ccsc2C(=O)NN)F)N,inactive
decoys,C[C@H](Cc1ccsc1)Nc2ccc(c(c2)N)S(=O)(=O)N,inactive
decoys,CCC[NH+]1CCC[C@]2(CC1)C[NH+]=C(N2CC[NH+](C)C)N,inactive
decoys,CC[NH+](CC[C@@H]1CCC[C@@]1(CO)[NH3+])c2ccc(cc2)C,inactive
decoys,c1c(cc(cc1C#CCN)F)CSc2[nH]c(=O)cc(n2)N,inactive
decoys,CC[NH+](c1ccc(cc1)NC(=O)CC2(CCC2)[NH3+])C(C)C,inactive
decoys,Cc1c(cc(cc1S(=O)(=O)N)N)NC[C@@H](C)CSC,inactive
decoys,c1c(c(cc(c1Cl)F)Sc2[nH]c(=O)cc(n2)N)N,inactive
decoys,Cc1ccccc1C[C@H]([C@H]2CCCc3c2[nH+]ccc3)N[NH3+],inactive
decoys,c1cc(ccc1SC[C@H](Cc2ccnc(c2)N)NN)Br,inactive
decoys,Cc1ccc(cc1)SC[C@H](Cc2ccnc(c2)N)NN,inactive
decoys,CC(C)([C@H]([C@@H]1CCCc2c1[nH+]ccc2)NN)[NH+]3CCCC3,inactive
decoys,C[NH+](C)C1(CCCCC1)[C@H](CCc2ccsc2)N[NH3+],inactive
decoys,C[NH+](C)C1(CCCCC1)[C@@H]([C@@H]2C[C@@H]2c3ccccc3)N[NH3+],inactive
decoys,Cc1cc(n(n1)C)C[C@@H]([C@]2(CCC[C@@H](C2)C)[NH+](C)C)N[NH3+],inactive
decoys,C[C@@H]1CCC[C@@](C1)([C@@H](c2ccccc2OC)N[NH3+])[NH+](C)C,inactive
decoys,c1cc(c(cc1Br)[C@H]([C@@H]2CCO[C@@]3(C2)CCSC3)NN)N,inactive
decoys,c1cc2c(nc1)[C@H](CC2)[C@@H](c3cc(ccc3N)Br)NN,inactive
decoys,Cc1cc(cs1)[C@H](c2cc(ccc2N)C(F)(F)F)NN,inactive
decoys,Cc1cc(cc(c1)C[C@@H](c2ccc(cc2)[NH+](C)C)N[NH3+])C,inactive
decoys,CCc1ccc(s1)C[C@@H](c2ccc(cc2)[NH+](C)C)N[NH3+],inactive
decoys,Cc1nc(cs1)C[C@H](c2cccc(c2)[NH+](C)C)N[NH3+],inactive
decoys,C[NH+](C)c1ccc(cc1)[C@H](Cc2c(cccc2F)F)N[NH3+],inactive
decoys,CC[NH+]1CCC[C@@](CC1)(C[NH3+])N(C)CC2(CCC2)[NH+](C)C,inactive
decoys,CCS(=O)(=O)N1CCC(CC1)C(=O)Nc2nnc(s2)C,inactive
decoys,Cc1ccc(o1)CN2CCNC(=O)[C@H]2Cc3nc(no3)C,inactive
decoys,CCS(=O)(=O)N1CCC(CC1)C(=O)NCC(=O)OC,inactive
decoys,CC[NH+]1CCN(CC1)S(=O)(=O)N2CCC[C@@H](C2)C(=O)[O-],inactive
decoys,CC[C@@H](C)NCC(=O)N(C)Cc1cn(c(=O)n(c1=O)C)C,inactive
decoys,CCc1nn2c(=O)cc(nc2s1)C[NH+](CC)CC(=O)[O-],inactive
decoys,CCCN([C@@H]1CCS(=O)(=O)C1)C(=O)CSc2[nH]ncn2,inactive
decoys,CC(C)C[C@H](C(=O)N1CCN(CC1)C(=O)C)NS(=O)(=O)C,inactive
decoys,CC(=O)N[C@@H](C1CCCC1)C(=O)N(C)Cc2nnc3n2CCC3,inactive
decoys,CCc1nnc(s1)NC(=O)CCN2CCN(CC2)C=O,inactive
decoys,C[C@@H]1CCCN(C1)S(=O)(=O)NCCN2C(=O)CSC2=O,inactive
decoys,C[C@@H](C(=O)[O-])S(=O)(=O)N1CCC[NH+](CC1)C[C@@H]2CCCO2,inactive
decoys,CN1CCC(CC1)(C#N)NS(=O)(=O)CCC(=O)OC,inactive
decoys,CCOC(=O)[C@@H](C)NS(=O)(=O)[C@@H]1CCS(=O)(=O)C1,inactive
decoys,COCCn1c(=O)ccc(n1)C(=O)NCc2cscn2,inactive
decoys,C[C@@H](C(=O)N(C)C)Sc1n[nH]c(=O)n1C[C@H]2CCCO2,inactive
decoys,C[NH+](C)CCN1CCN(CC1)C(=O)N2CC[C@H](C2)C(=O)[O-],inactive
decoys,C[C@H](CN1CCOCC1)NC(=O)c2cnc3ccccn3c2=O,inactive
decoys,Cc1c(c(n(n1)C)OC)CN[C@@H]2CCCN(C2)S(=O)(=O)C,inactive
decoys,Cc1c2cc(cnc2on1)C(=O)NCCCN3CCCC3=O,inactive
decoys,C[C@H]1CN(CCO1)C(=O)CN2C(=O)[C@H](NC2=O)CCSC,inactive
decoys,C1CCC(C1)CC(=O)N2CCN(CC2)CC(=O)N3CCNC3=O,inactive
decoys,Cc1c(cc(o1)C(=O)NCC#N)S(=O)(=O)N2CCCC2,inactive
decoys,Cc1c(c(n(n1)C)C)CC(=O)NCc2nnc3n2CCCCC3,inactive
decoys,CC[C@H]1CN(CCO1)C(=O)CN2CCC(CC2)N3CCNC3=O,inactive
decoys,CCCN1[C@H]([C@H](OCC1=O)C(=O)[O-])c2c([nH+]n(c2C)C)C,inactive
decoys,Cc1c(c(on1)C)[C@@H](C)NC(=O)C(=O)c2c(nn(c2C)C)C,inactive
decoys,COC1CCN(CC1)C(=O)Cc2csc(n2)N3CCNC3=O,inactive
decoys,Cc1nc2n(n1)C[C@@H](CC2)NCc3csc(n3)N(C)C(=O)C,inactive
decoys,c1cnc(nc1)N2CC[C@H](C2)C(=O)NCCN3CCCC3=O,inactive
decoys,CCCC[C@@H]1C(=O)NCCN1C(=O)C2=NN(C(=O)CC2)C,inactive
decoys,CCC(=O)N1CCC[C@H]1[C@H]2CCCN2CCN3C(=O)CNC3=O,inactive
decoys,CNS(=O)(=O)c1ccc(o1)C(=O)N2CCN(CC2)CC#C,inactive
decoys,CC(=O)NCC[C@@H]1CCCCN1S(=O)(=O)c2cnn(c2)C,inactive
decoys,CN[C@H]1CCC2(C[C@@H]1S(=O)(=O)CCC(=O)OC)OCCO2,inactive
decoys,CCN[C@H]1CCC2(C[C@@H]1S(=O)(=O)CC(=O)OC)OCCO2,inactive
decoys,CCc1[nH]nc(n1)[C@H]2CN(CCO2)C(=O)C[C@H]3CCCO3,inactive
decoys,Cc1nc(on1)CCCC(=O)N2CCN(CC2)[C@@H]3CCC[C@@H]3O,inactive
decoys,CNC(=O)[C@H]1CCCN1CCn2c3c(cccn3)oc2=O,inactive
decoys,C[C@H](CNC(=O)N(C)[C@H]1CCS(=O)(=O)C1)N2CCOCC2,inactive
decoys,CCCS(=O)(=O)N1CCN(CC1)C(=O)[C@H]2COC[C@@H]2NC,inactive
decoys,CN(CC[NH+]1CCCC1)C(=O)N2CCO[C@@H](C2)CC(=O)[O-],inactive
decoys,Cc1cc(=O)n(c(n1)OC)CC(=O)N[C@@H](C(C)C)C(=O)C,inactive
decoys,Cc1cc(=O)n(c(n1)OC)CC(=O)N[C@H](C(C)C)C(=O)C,inactive
decoys,CCN1C(=O)CCC(=N1)C(=O)N2CCN([C@H](C2)C)C[C@@H](C)O,inactive
decoys,CCc1nc([nH]n1)[C@@H]2CN(CCO2)CCCS(=O)(=O)C,inactive
decoys,Cc1c(c(on1)C)CN2CCO[C@@H]3[C@H]2CN(C3)Cc4c[nH]cn4,inactive
decoys,CN(C)C[C@H]1C[C@@H](CN1Cc2cc(=O)n3c(n2)scn3)O,inactive
decoys,CC(C)c1c(snn1)CNC(=O)Cn2cccnc2=O,inactive
decoys,COC(=O)N1CCC(CC1)NC(=O)Cn2ccccc2=O,inactive
decoys,c1ccc2c(c1)C3=C(C2=O)[C@H](c4c(c(sc4N3)C(=O)N)[NH3+])c5ccc(cc5)Cl,inactive
decoys,c1cc(ccc1C(=O)CSC2=C(C3(CCCC3)C(=C(N2)[NH3+])C#N)C(=O)N)Cl,inactive
decoys,Cc1cc(cc(c1C)NC(=O)[C@@](C)(C2CC2)[NH3+])S(=O)(=O)N,inactive
decoys,Cc1cc(cc(c1C)NC(=O)C2(CCCC2)[NH3+])S(=O)(=O)N,inactive
decoys,CCC(C)(C)C1CCC(CC1)NC(=O)[C@H](CC(=O)N)[NH3+],inactive
decoys,CCOC(=O)N[C@@H]1CCCN(C1)C(=O)[C@H](CC(=O)N)[NH3+],inactive
decoys,Cc1ccc(cc1)[C@@H]2CC(=O)Nc3c2c(c(s3)C(=O)N)[NH3+],inactive
decoys,c1ccc(cc1)C2=C[C@H](N=N2)[C@@H]3NN[C@@H](N3[NH3+])SCC(=O)NC4CCCCC4,inactive
decoys,c1ccc(cc1)C2=C[C@H](N=N2)[C@H]3NN[C@@H](N3[NH3+])SCC(=O)Nc4ccccc4F,inactive
decoys,Cc1cc(ccc1Br)NC(=O)CS[C@H]2NN[C@@H](N2[NH3+])[C@@H]3C=C(N=N3)C,inactive
decoys,c1ccc(cc1)C2=C[C@H](N=N2)[C@H]3NN[C@@H](N3[NH3+])SCC(=O)Nc4ccc(cc4)F,inactive
decoys,Cc1c(cccc1Cl)NC(=O)CS[C@H]2NN[C@@H](N2[NH3+])[C@@H]3C=C(N=N3)C,inactive
decoys,Cc1ccc(cc1)S(=O)(=O)NNc2c(c([nH+]cn2)Nc3ccccc3F)N,inactive
decoys,c1ccc(c(c1)C(=O)NNc2c(c(ncn2)Nc3ccc[nH+]c3)N)F,inactive
decoys,Cc1ccc(cc1)S(=O)(=O)NNc2c(c([nH+]cn2)Nc3ccc(cc3)Cl)N,inactive
decoys,CCc1c(c([nH]c1c2csc(n2)NC(=[NH2+])N)C)C(=O)C,inactive
decoys,CC[NH2+]C(C)(C)C(=O)N[C@@H](C)c1ccc(cc1)NC(=O)N,inactive
decoys,c1ccc2c(c1)N[C@@H](S2)[NH2+]CC(=O)NNC(=O)c3ccc4c(c3)nc[nH]4,inactive
decoys,C1CCc2c(c(c(s2)NC(=O)C[NH+]3CCCC[C@@H]3C(=O)N)C(=O)N)C1,inactive
decoys,c1ccc2c(c1)c(cc([nH+]2)NCCCS(=O)(=O)N)C(=S)N,inactive
decoys,c1c2c(cc(c1NC(=O)[C@@H]3CCC[C@H](C3)[NH3+])Br)[nH]c(=O)[nH]2,inactive
decoys,Cc1cc(oc1C(=O)N[NH3+])CSc2cc(cc(c2)F)N,inactive
decoys,C[C@H](CCC(=O)Nc1cc2c(cc1Br)[nH]c(=O)[nH]2)CC[NH3+],inactive
decoys,C[C@H]([C@@H](CNC(=O)NC12CC3CC(C1)CC(C3)C2)[NH3+])O,inactive
decoys,C[C@H]1CCC[C@](C1)(C(=O)Nc2ccc(cc2)S(=O)(=O)N)[NH3+],inactive
decoys,C[C@H]1CCC[C@@](C1)(C(=O)Nc2ccccc2CC(=O)N)[NH3+],inactive
decoys,C[C@H]1CCC[C@@](C1)(C(=O)Nc2ccccc2S(=O)(=O)N)[NH3+],inactive
decoys,c1c(c(cc(c1I)F)NCCS(=O)(=O)N)[NH3+],inactive
decoys,c1cc(c(cc1S(=O)(=O)N)F)NC[C@@H]2CCCC[C@@H]2[NH3+],inactive
decoys,c1cc(c(cc1C(=O)N)NC(=O)[C@@H]2CCCC[C@@H]2C[NH3+])Cl,inactive
decoys,c1c2c(cc(c1NC(=O)[C@@H]3CCC[C@H]3C[NH3+])Br)[nH]c(=O)[nH]2,inactive
decoys,c1cc(c(cc1S(=O)(=O)N)F)NC[C@@H]2CCCC[C@@H]2C[NH3+],inactive
decoys,C[C@@H](c1ccc(cc1)NC(=O)N)NC(=O)C[C@@H]2CC[NH2+]C2,inactive
decoys,c1cc(c2c(c1)sc(c2CSCCC[NH3+])C(=O)NN)F,inactive
decoys,c1cc(c(cc1N[C@H]2C[NH+]3CCC2CC3)N)S(=O)(=O)N,inactive
decoys,c1cc(c(cc1N[C@H]2CC[NH+]3[C@@H]2CCCC3)N)S(=O)(=O)N,inactive
decoys,c1cc(c(cc1N[C@@H]2CC[NH+](C2)C3CC3)N)S(=O)(=O)N,inactive
decoys,c1cc(c(cc1Br)SCc2ccoc2C(=O)N[NH3+])N,inactive
decoys,Cc1cc(=O)[nH]c(n1)SCC[C@H]2CCC[C@]2(C(=O)N)[NH3+],inactive
decoys,c1ccc2c(c1)[nH]c(n2)S[C@H]3CCC[C@@](C3)(C(=O)N)[NH3+],inactive
decoys,c1cc(ccc1N[C@H]2CCc3c2ccc(c3)[NH3+])S(=O)(=O)N,inactive
decoys,c1cc2c(cc1[NH3+])CC[C@H]2Nc3ccc4c(c3)[nH]c(=O)[nH]4,inactive
decoys,C[C@](C(=O)Nc1ccc2c(c1)[nH]c(=O)[nH]2)(C(F)(F)F)[NH3+],inactive
decoys,C[C@](C(=O)Nc1cc(ccc1Cl)S(=O)(=O)N)(C(F)(F)F)[NH3+],inactive
decoys,c1cc2c(cc1NC(=O)[C@H]3CCCCC[C@@H]3[NH3+])[nH]c(=O)[nH]2,inactive
decoys,c1cc(c(cc1C(=O)N)NC(=O)[C@H]2CCCCC[C@H]2[NH3+])Cl,inactive
decoys,CC[C@H](CCO)CNc1cc2c(cc1[NH3+])OCC(=O)N2,inactive
decoys,Cc1cc[nH+]c(c1[C@H]([C@H]2CCCc3c2cccc3)NN)N,inactive
decoys,c1ccc(c(c1)SC[C@H](Cc2c[nH+]ccc2N)NN)Br,inactive
decoys,Cc1ccnc(c1[C@H](C2(CCCC2)[NH+]3CCCC3)NN)N,inactive
decoys,C[C@]12CC[C@H](C[C@H]1CC[C@@H]3[C@@H]2[C@H](C[C@]4([C@H]3CC[C@@]4([C@H](CO)O)O)C)O)O,inactive
decoys,Cc1ccc(cc1Br)C(=O)NC(=S)NNC(=S)N,inactive
decoys,Cc1ccc(c(c1)C)C(=O)NC(=S)Nc2ccc(cc2)NC(=S)N,inactive
decoys,c1ccc(cc1)[C@H](c2ccc3c(c2)NC(=CC(=O)N3)[O-])[NH3+],inactive
decoys,C[C@@H]1CCC[C@@H](C1Nc2cc(cc(c2)C(=O)N)C(=O)N)C,inactive
decoys,c1c(cc(cc1C(=O)N)NC[C@@H]2C[C@H]3C[C@@H]2C=C3)C(=O)N,inactive
decoys,c1cc(c(cc1NC2CCN(CC2)C(=O)N)C(=O)N)F,inactive
decoys,C[C@H](c1ccc(cc1)NC(=O)N)Nc2ccccc2CO,inactive
decoys,C[C@H](C12CC3CC(C1)CC(C3)C2)NC(=O)[C@@H](CC(=O)N)N,inactive
decoys,c1ccc2c(c1)c(cc(=O)[nH]2)CS[C@H]3NN[C@@H](S3)N,inactive
decoys,C1CCC(CC1)NC(=O)NC2(CCCCC2)/C(=N\O)/N,inactive
decoys,c1cc(c2ccncc2c1N)Sc3[nH]c(=O)cc(n3)N,inactive
decoys,c1c(c(cc(c1Nc2nc3c(s2)CCC3)F)N)C(=O)N,inactive
decoys,CC1CCC(CC1)(CO)Nc2cc3c(cc2N)CC(=O)N3,inactive
decoys,CC[NH+](c1ccc(cc1)NC(=O)[C@@](C)(C2CC2)[NH3+])C(C)C,inactive
decoys,CC[NH2+][C@H]1C[C@H](CC[C@@H]1C(C)(C)c2c(cc[nH+]c2N)C)C,inactive
decoys,C[C@@H]1CC[C@H]([C@@H](C1)C)Nc2cc(c(cc2F)N)C(=O)N,inactive
decoys,c1c(cc(c(c1Cl)N)Cl)NC(=O)[C@@H]2CCCN(C2)C(=O)N,inactive
decoys,C[C@@]12CC[C@@H](C1)C([C@H]2NC(=O)c3cc(cc(c3)N)N)(C)C,inactive
decoys,C[C@@H]1CCC[C@](C1)(C(=O)Nc2ccc3c(c2)[nH]c(=O)[nH]3)N,inactive
decoys,C[C@H]1CC[C@@H](C[C@@H]1C)Nc2cc(cc(c2)S(=O)(=O)N)N,inactive
decoys,CCC[NH+]1CCC[C@](CC1)(C[NH3+])[NH+]2C[C@@H](OC(C2)(C)C)C,inactive
decoys,C[C@@H]1CCC[C@H](CC1)Nc2cc(cc(c2)C(=O)N)C(=O)N,inactive
decoys,CC(C)[NH+]1C[C@H]2CCC[C@@H](C1)C2[NH2+]CCc3c[nH+]c[nH]3,inactive
decoys,CC[C@@H](C)C[C@H](C)Nc1ccc(cc1N)S(=O)(=O)N,inactive
decoys,c1ccc(cc1)C[C@@H]([C@@H](CSc2ccc(nc2)N)O)N,inactive
decoys,C[C@@]1(COC[C@H]1[NH3+])C(=O)NCCC[NH+](C)c2ccccc2,inactive
decoys,c1csc(c1N)CNc2cc3c(cc2Br)[nH]c(=O)[nH]3,inactive
decoys,CC1(C(C1(C)C)[C@@H](c2cc3c(cc2Br)[nH]c(=O)[nH]3)[NH3+])C,inactive
decoys,Cc1cc(c([nH+]c1)N)[C@@H](C2(CCCCCC2)[NH+](C)C)O,inactive
decoys,Cc1ccc(c(c1)SCc2ccc(cc2)C(=O)NN)N,inactive
decoys,c1cc(ccc1CSc2ccc(c(c2)F)N)C(=O)NN,inactive
decoys,CC1(CCCCC1)Nc2ccc(c(c2)N)S(=O)(=O)N,inactive
decoys,c1cc(c(cc1Br)SCCC(=O)NC(=O)N)N,inactive
decoys,C1CC[C@H]([C@@H](C1)[C@@H]2CCCC[NH2+]2)[NH2+][C@@H]3CCC[C@@H](C3)O,inactive
decoys,Cc1c(cn[nH]1)C[NH2+][C@@H]2CCCC[C@@H]2[C@@H]3CCCC[NH2+]3,inactive
decoys,CC[NH+](CC[C@H]1CCC[C@@]1(C[NH3+])O)c2ccc(cc2)C,inactive
decoys,C[NH+](C)C1(CCCCCC1)[C@@H]([C@H]2CCc3c2[nH+]ccc3)[NH3+],inactive
decoys,C[NH+](c1ccc(cc1)C(=[NH2+])N)[C@@H]2CCOC3(C2)CCCC3,inactive
decoys,c1ccc(c(c1)[C@@H]([C@@H]2CCOC3(C2)CCCCC3)NN)N,inactive
decoys,c1ccc2c(c1)CCC[C@@H]2C[C@H](c3ccccc3N)NN,inactive
decoys,CC1(CCC(CC1)[C@@H](c2cc(cnc2N)Cl)NN)C,inactive
decoys,Cc1ccc(cc1)SC[C@@H](c2cc(cnc2N)C)NN,inactive
decoys,Cc1ccc(cc1)SC[C@@H](c2c(ccnc2N)C)NN,inactive
decoys,C[C@H]1CCC[C@H](C1)[C@@H](C2(CCCCCC2)[NH+](C)C)N[NH3+],inactive
decoys,CCN(CC)C1(CCCC1)[C@@H](c2c(ccnc2N)C)NN,inactive
decoys,c1cc2c([nH+]c1)[C@H](CCC2)[C@@H](CCCc3cccs3)N[NH3+],inactive
decoys,Cn1c(c(c[nH+]1)OC)[C@@H]([C@@H]2CCCC[C@@H]2C(F)(F)F)N[NH3+],inactive
decoys,C[NH+](C)c1cccc(c1)[C@H]([C@@H]2C[C@@H]2c3ccccc3)N[NH3+],inactive
decoys,C[NH+](C)c1ccc(cc1)[C@@H](c2cccc3c2OCC3)N[NH3+],inactive
